district,date,max_apparent_temp,mean_apparent_temp,max_temperature,min_temperature,night_min_temperature,mean_humidity,mean_wind_speed,max_shortwave_radiation,total_precipitation,heat_hours_30,heat_hours_apparent_35,weather_source,hourly_coverage,hot_day,heatwave_streak,month,day_of_year,month_sin,month_cos,max_apparent_temp_median,max_apparent_temp_mad,max_apparent_temp_p98,max_temperature_median,max_temperature_mad,max_temperature_p98,night_min_temperature_median,night_min_temperature_mad,night_min_temperature_p98,mean_humidity_median,mean_humidity_mad,mean_humidity_p98,max_shortwave_radiation_median,max_shortwave_radiation_mad,max_shortwave_radiation_p98,apparent_anomaly_z,temperature_anomaly_z,night_anomaly_z,humidity_anomaly_z,radiation_anomaly_z,heat_hours_apparent_35_scaled,heatwave_streak_scaled
Charlottenburg-Wilmersdorf,2025-08-01,26.099652814623383,21.689101628356557,26.327211364719663,16.236649719428964,16.236649719428964,59.386626984126984,4.2967485532694125,656.2414285714285,1.0485714285714285,0,0,synthetic_demo_forecast,24,False,0,8,213,-0.8660254037844384,-0.5000000000000004,22.87,1.4000000000000021,27.7716,22.92,1.3100000000000023,27.882400000000004,10.74,1.3499999999999996,14.570400000000003,63.135,1.3266666666666609,66.60005,550.11,47.139999999999986,642.7468,1.555979271272175,1.7542996802191195,2.746251439877376,0.0,1.5185546852244134,0.0,0.0
Charlottenburg-Wilmersdorf,2025-08-02,26.062544685168756,22.075681370283263,26.328509533213925,15.975974277256682,15.975974277256682,59.386626984126984,4.2279491495084605,656.2414285714285,1.0485714285714285,0,0,synthetic_demo_forecast,24,False,0,8,214,-0.8660254037844384,-0.5000000000000004,22.87,1.4000000000000021,27.7716,22.92,1.3100000000000023,27.882400000000004,10.74,1.3499999999999996,14.570400000000003,63.135,1.3266666666666609,66.60005,550.11,47.139999999999986,642.7468,1.5381013495445985,1.7549680791913513,2.616012049530946,0.0,1.5185546852244134,0.0,0.0
Charlottenburg-Wilmersdorf,2025-08-03,34.302492575908275,29.94390477070348,35.09738472478466,25.8364467737462,25.8364467737462,47.92481456442375,4.659910501978904,656.2414285714285,1.0485714285714285,12,0,synthetic_demo_forecast,24,True,1,8,215,-0.8660254037844384,-0.5000000000000004,22.87,1.4000000000000021,27.7716,22.92,1.3100000000000023,27.882400000000004,10.74,1.3499999999999996,14.570400000000003,63.135,1.3266666666666609,66.60005,550.11,47.139999999999986,642.7468,5.507936143024926,6.269872878976091,7.54252877764598,0.0,1.5185546852244134,0.0,0.2
Charlottenburg-Wilmersdorf,2025-08-04,38.466599762037234,34.57844502729666,39.25337791970951,29.877812326040587,29.877812326040587,40.84102491637149,4.503382104183503,656.2414285714285,1.0485714285714285,23,10,synthetic_demo_forecast,24,True,2,8,216,-0.8660254037844384,-0.5000000000000004,22.87,1.4000000000000021,27.7716,22.92,1.3100000000000023,27.882400000000004,10.74,1.3499999999999996,14.570400000000003,63.135,1.3266666666666609,66.60005,550.11,47.139999999999986,642.7468,7.514116013392115,8.0,8.0,0.0,1.5185546852244134,0.8333333333333334,0.4
Charlottenburg-Wilmersdorf,2025-08-05,38.28633338199396,34.34177602831458,39.05160114787251,29.602412465457558,29.602412465457558,40.84102491637149,4.3384668755883755,656.2414285714285,1.0485714285714285,23,11,synthetic_demo_forecast,24,True,3,8,217,-0.8660254037844384,-0.5000000000000004,22.87,1.4000000000000021,27.7716,22.92,1.3100000000000023,27.882400000000004,10.74,1.3499999999999996,14.570400000000003,63.135,1.3266666666666609,66.60005,550.11,47.139999999999986,642.7468,7.427267436546771,8.0,8.0,0.0,1.5185546852244134,0.9166666666666666,0.6
Charlottenburg-Wilmersdorf,2025-08-06,32.91292951860452,29.33798323779755,33.66089057677695,24.867469170165798,24.867469170165798,47.92481456442375,4.537425152746068,656.2414285714285,1.0485714285714285,11,0,synthetic_demo_forecast,24,True,4,8,218,-0.8660254037844384,-0.5000000000000004,22.87,1.4000000000000021,27.7716,22.92,1.3100000000000023,27.882400000000004,10.74,1.3499999999999996,14.570400000000003,63.135,1.3266666666666609,66.60005,550.11,47.139999999999986,642.7468,4.838473684552478,5.530253009607081,7.058405488938753,0.0,1.5185546852244134,0.0,0.8
Charlottenburg-Wilmersdorf,2025-08-07,25.973877033029073,21.625401434006246,26.35666616542411,15.625844268693635,15.625844268693635,59.386626984126984,4.425939560675965,656.2414285714285,1.0485714285714285,0,0,synthetic_demo_forecast,24,False,0,8,219,-0.8660254037844384,-0.5000000000000004,22.87,1.4000000000000021,27.7716,22.92,1.3100000000000023,27.882400000000004,10.74,1.3499999999999996,14.570400000000003,63.135,1.3266666666666609,66.60005,550.11,47.139999999999986,642.7468,1.4953831266640973,1.7694653221255117,2.4410791196115116,0.0,1.5185546852244134,0.0,0.0
Friedrichshain-Kreuzberg,2025-08-01,26.6669519667188,22.1440172225587,26.922927591738336,16.447886556878213,16.447886556878213,58.49950396825397,4.543451228087551,659.5557142857143,1.418095238095238,0,0,synthetic_demo_forecast,24,False,0,8,213,-0.8660254037844384,-0.5000000000000004,23.85,1.1699999999999982,28.070400000000003,23.94,1.1799999999999997,28.3036,11.35,1.1899999999999995,15.4244,62.49625,1.1541666666666686,66.26733333333333,544.1,54.049999999999955,639.7536,1.6239385225993614,1.705048387131594,2.889476786112868,0.0,1.4407735876870358,0.0,0.0
Friedrichshain-Kreuzberg,2025-08-02,26.715029204060816,22.460302738871835,27.050456171910774,17.853456367730804,17.853456367730804,58.49950396825397,4.411997725236351,659.5557142857143,1.418095238095238,0,0,synthetic_demo_forecast,24,False,0,8,214,-0.8660254037844384,-0.5000000000000004,23.85,1.1699999999999982,28.070400000000003,23.94,1.1799999999999997,28.3036,11.35,1.1899999999999995,15.4244,62.49625,1.1541666666666686,66.26733333333333,544.1,54.049999999999955,639.7536,1.6516544647603477,1.77794402178878,3.6861522896585304,0.0,1.4407735876870358,0.0,0.0
Friedrichshain-Kreuzberg,2025-08-03,35.51828039169239,30.64277045278183,36.045285743562275,26.316351458127418,26.316351458127418,47.03769154855075,4.583918132561785,659.5557142857143,1.418095238095238,13,1,synthetic_demo_forecast,24,True,1,8,215,-0.8660254037844384,-0.5000000000000004,23.85,1.1699999999999982,28.070400000000003,23.94,1.1799999999999997,28.3036,11.35,1.1899999999999995,15.4244,62.49625,1.1541666666666686,66.26733333333333,544.1,54.049999999999955,639.7536,6.726621626648272,6.919409639708915,8.0,0.0,1.4407735876870358,0.08333333333333333,0.2
Friedrichshain-Kreuzberg,2025-08-04,39.005308066207895,35.105632574175424,40.00541136498451,30.99047323523006,30.99047323523006,39.95390190049847,4.512694054519342,659.5557142857143,1.418095238095238,24,11,synthetic_demo_forecast,24,True,2,8,216,-0.8660254037844384,-0.5000000000000004,23.85,1.1699999999999982,28.070400000000003,23.94,1.1799999999999997,28.3036,11.35,1.1899999999999995,15.4244,62.49625,1.1541666666666686,66.26733333333333,544.1,54.049999999999955,639.7536,8.0,8.0,8.0,0.0,1.4407735876870358,0.9166666666666666,0.4
Friedrichshain-Kreuzberg,2025-08-05,38.77122028305366,34.68760892339122,39.670325483236894,30.911786162126592,30.911786162126592,39.95390190049847,4.409792035961826,659.5557142857143,1.418095238095238,24,12,synthetic_demo_forecast,24,True,3,8,217,-0.8660254037844384,-0.5000000000000004,23.85,1.1699999999999982,28.070400000000003,23.94,1.1799999999999997,28.3036,11.35,1.1899999999999995,15.4244,62.49625,1.1541666666666686,66.26733333333333,544.1,54.049999999999955,639.7536,8.0,8.0,8.0,0.0,1.4407735876870358,1.0,0.6
Friedrichshain-Kreuzberg,2025-08-06,34.16638355008446,29.78949724458948,34.768023470157786,24.075530127274977,24.075530127274977,47.03769154855075,4.465991712350806,659.5557142857143,1.418095238095238,13,0,synthetic_demo_forecast,24,True,4,8,218,-0.8660254037844384,-0.5000000000000004,23.85,1.1699999999999982,28.070400000000003,23.94,1.1799999999999997,28.3036,11.35,1.1899999999999995,15.4244,62.49625,1.1541666666666686,66.26733333333333,544.1,54.049999999999955,639.7536,5.947269551921651,6.189323537302647,7.2128172103260475,0.0,1.4407735876870358,0.0,0.8
Friedrichshain-Kreuzberg,2025-08-07,27.0935815721603,22.29747630329526,27.271626158362736,16.987052390107138,16.987052390107138,58.49950396825397,4.562483778412207,659.5557142857143,1.418095238095238,0,0,synthetic_demo_forecast,24,False,0,8,219,-0.8660254037844384,-0.5000000000000004,23.85,1.1699999999999982,28.070400000000003,23.94,1.1799999999999997,28.3036,11.35,1.1899999999999995,15.4244,62.49625,1.1541666666666686,66.26733333333333,544.1,54.049999999999955,639.7536,1.8698852974621298,1.904365303259468,3.1950754183300183,0.0,1.4407735876870358,0.0,0.0
Lichtenberg,2025-08-01,26.4487947880063,21.58229564683519,26.738700277804636,16.033038839419145,16.033038839419145,59.40160714285714,4.3760365626882285,669.0704761904761,1.3033333333333335,0,0,synthetic_demo_forecast,24,False,0,8,213,-0.8660254037844384,-0.5000000000000004,23.21,1.2100000000000009,29.260400000000004,23.35,1.3099999999999987,29.4452,11.12,1.1799999999999997,17.273600000000002,62.86375,1.3191666666666677,66.4736,537.78,52.25999999999999,654.5752,1.805402608554715,1.7447687206221367,2.808304489947314,0.0,1.6944931687286284,0.0,0.0
Lichtenberg,2025-08-02,26.60727174706147,21.907047342786324,26.982849962400852,16.81430436701125,16.81430436701125,59.40160714285714,4.3414415039480545,669.0704761904761,1.3033333333333335,0,0,synthetic_demo_forecast,24,False,0,8,214,-0.8660254037844384,-0.5000000000000004,23.21,1.2100000000000009,29.260400000000004,23.35,1.3099999999999987,29.4452,11.12,1.1799999999999997,17.273600000000002,62.86375,1.3191666666666677,66.4736,537.78,52.25999999999999,654.5752,1.8937424800197264,1.8704761299269255,3.2548776925392473,0.0,1.6944931687286284,0.0,0.0
Lichtenberg,2025-08-03,34.03489924453116,30.018342364074826,34.723040132511194,25.974783705983672,25.974783705983672,47.939794723153916,4.191464879217896,669.0704761904761,1.3033333333333335,12,0,synthetic_demo_forecast,24,True,1,8,215,-0.8660254037844384,-0.5000000000000004,23.21,1.2100000000000009,29.260400000000004,23.35,1.3099999999999987,29.4452,11.12,1.1799999999999997,17.273600000000002,62.86375,1.3191666666666677,66.4736,537.78,52.25999999999999,654.5752,6.03412769644747,5.855733188194869,8.0,0.0,1.6944931687286284,0.0,0.2
Lichtenberg,2025-08-04,39.353515384360456,34.53738132217388,40.157294359910786,31.18239830426597,31.18239830426597,40.85600507510165,4.328095635328547,669.0704761904761,1.3033333333333335,24,10,synthetic_demo_forecast,24,True,2,8,216,-0.8660254037844384,-0.5000000000000004,23.21,1.2100000000000009,29.260400000000004,23.35,1.3099999999999987,29.4452,11.12,1.1799999999999997,17.273600000000002,62.86375,1.3191666666666677,66.4736,537.78,52.25999999999999,654.5752,8.0,8.0,8.0,0.0,1.6944931687286284,0.8333333333333334,0.4
Lichtenberg,2025-08-05,38.57772919044429,34.24364999341912,39.64227277442452,29.698910249934958,29.698910249934958,40.85600507510165,4.238033421511475,669.0704761904761,1.3033333333333335,23,11,synthetic_demo_forecast,24,True,3,8,217,-0.8660254037844384,-0.5000000000000004,23.21,1.2100000000000009,29.260400000000004,23.35,1.3099999999999987,29.4452,11.12,1.1799999999999997,17.273600000000002,62.86375,1.3191666666666677,66.4736,537.78,52.25999999999999,654.5752,8.0,8.0,8.0,0.0,1.6944931687286284,0.9166666666666666,0.6
Lichtenberg,2025-08-06,33.57416111151397,29.27680906037629,34.22840896919818,24.75723366390699,24.75723366390699,47.939794723153916,4.268909677281493,669.0704761904761,1.3033333333333335,11,0,synthetic_demo_forecast,24,True,4,8,218,-0.8660254037844384,-0.5000000000000004,23.21,1.2100000000000009,29.260400000000004,23.35,1.3099999999999987,29.4452,11.12,1.1799999999999997,17.273600000000002,62.86375,1.3191666666666677,66.4736,537.78,52.25999999999999,654.5752,5.777298264002353,5.601058265291214,7.795074653498661,0.0,1.6944931687286284,0.0,0.8
Lichtenberg,2025-08-07,25.417335201926978,21.677480679644976,25.772623988575283,15.928201114282933,15.928201114282933,59.40160714285714,4.3298847767538975,669.0704761904761,1.3033333333333335,0,0,synthetic_demo_forecast,24,False,0,8,219,-0.8660254037844384,-0.5000000000000004,23.21,1.2100000000000009,29.260400000000004,23.35,1.3099999999999987,29.4452,11.12,1.1799999999999997,17.273600000000002,62.86375,1.3191666666666677,66.4736,537.78,52.25999999999999,654.5752,1.2304356998075614,1.2473568656338638,2.748379001092295,0.0,1.6944931687286284,0.0,0.0
Marzahn-Hellersdorf,2025-08-01,25.562969873439425,21.310261031163737,25.93821218781943,16.61948724551147,16.61948724551147,59.68172619047619,4.569150122942372,659.167619047619,0.986904761904762,0,0,synthetic_demo_forecast,24,False,0,8,213,-0.8660254037844384,-0.5000000000000004,23.13,1.3000000000000007,29.3636,23.24,1.389999999999997,29.524800000000003,10.62,1.3099999999999987,16.514000000000003,63.31,1.1412499999999994,66.3952,546.13,52.58000000000004,652.3324,1.2623197674767945,1.309294379705999,3.0890066478589167,0.0,1.450034794995332,0.0,0.0
Marzahn-Hellersdorf,2025-08-02,25.040790788848277,21.618313678407137,25.311394584190662,16.085222039472885,16.085222039472885,59.68172619047619,4.52787290666,659.167619047619,0.986904761904762,0,0,synthetic_demo_forecast,24,False,0,8,214,-0.8660254037844384,-0.5000000000000004,23.13,1.3000000000000007,29.3636,23.24,1.389999999999997,29.524800000000003,10.62,1.3099999999999987,16.514000000000003,63.31,1.1412499999999994,66.3952,546.13,52.58000000000004,652.3324,0.9913928695162744,1.0051341771701223,2.8139250107727456,0.0,1.450034794995332,0.0,0.0
Marzahn-Hellersdorf,2025-08-03,33.88664500566084,29.671816446404108,34.63761814728323,25.94616410259504,25.94616410259504,48.21991377077296,4.702226480558605,659.167619047619,0.986904761904762,12,0,synthetic_demo_forecast,24,True,1,8,215,-0.8660254037844384,-0.5000000000000004,23.13,1.3000000000000007,29.3636,23.24,1.389999999999997,29.524800000000003,10.62,1.3099999999999987,16.514000000000003,63.31,1.1412499999999994,66.3952,546.13,52.58000000000004,652.3324,5.5809674302217696,5.530638935528997,7.891111500322343,0.0,1.450034794995332,0.0,0.2
Marzahn-Hellersdorf,2025-08-04,37.88932493347668,34.26080048421709,38.69839436363355,30.193463170802424,30.193463170802424,41.136124122720695,4.559113959963152,659.167619047619,0.986904761904762,24,11,synthetic_demo_forecast,24,True,2,8,216,-0.8660254037844384,-0.5000000000000004,23.13,1.3000000000000007,29.3636,23.24,1.389999999999997,29.524800000000003,10.62,1.3099999999999987,16.514000000000003,63.31,1.1412499999999994,66.3952,546.13,52.58000000000004,652.3324,7.65771406441733,7.501110902601392,8.0,0.0,1.450034794995332,0.9166666666666666,0.4
Marzahn-Hellersdorf,2025-08-05,37.66587443978026,34.059243901534884,38.62524976316226,29.99443660480631,29.99443660480631,41.136124122720695,4.617858116952378,659.167619047619,0.986904761904762,23,12,synthetic_demo_forecast,24,True,3,8,217,-0.8660254037844384,-0.5000000000000004,23.13,1.3000000000000007,29.3636,23.24,1.389999999999997,29.524800000000003,10.62,1.3099999999999987,16.514000000000003,63.31,1.1412499999999994,66.3952,546.13,52.58000000000004,652.3324,7.541779223495239,7.465617839922621,8.0,0.0,1.450034794995332,1.0,0.6
Marzahn-Hellersdorf,2025-08-06,33.14284405153351,29.02730225214503,33.75770701894958,23.932640634248692,23.932640634248692,48.21991377077296,4.546651986711233,659.167619047619,0.986904761904762,12,0,synthetic_demo_forecast,24,True,4,8,218,-0.8660254037844384,-0.5000000000000004,23.13,1.3000000000000007,29.3636,23.24,1.389999999999997,29.524800000000003,10.62,1.3099999999999987,16.514000000000003,63.31,1.1412499999999994,66.3952,546.13,52.58000000000004,652.3324,5.195054452953493,5.103666327455853,6.854391673307932,0.0,1.450034794995332,0.0,0.8
Marzahn-Hellersdorf,2025-08-07,25.13300217130496,21.120115822715906,25.432051548690424,15.327322197722768,15.327322197722768,59.68172619047619,4.738189659728807,659.167619047619,0.986904761904762,0,0,synthetic_demo_forecast,24,False,0,8,219,-0.8660254037844384,-0.5000000000000004,23.13,1.3000000000000007,29.3636,23.24,1.389999999999997,29.524800000000003,10.62,1.3099999999999987,16.514000000000003,63.31,1.1412499999999994,66.3952,546.13,52.58000000000004,652.3324,1.0392357351975008,1.0636823840921261,2.423698720796236,0.0,1.450034794995332,0.0,0.0
Mitte,2025-08-01,26.112652527145944,21.849838777427507,26.347594366895024,16.520804200076967,16.520804200076967,58.952222222222225,4.268525328236541,657.2471428571429,1.227142857142857,0,0,synthetic_demo_forecast,24,False,0,8,213,-0.8660254037844384,-0.5000000000000004,23.36,1.3200000000000003,29.20200000000001,23.46,1.3599999999999994,29.34680000000001,11.25,1.2599999999999998,16.2616,62.77333333333333,1.1225000000000023,66.10768333333333,537.68,49.65000000000009,643.0228000000001,1.4065444648559369,1.4320997923436491,2.821514863462176,0.0,1.6243088216346573,0.0,0.0
Mitte,2025-08-02,26.750754425793733,22.444804397651055,26.941929041138177,17.78155412470109,17.78155412470109,58.952222222222225,4.159496332039602,657.2471428571429,1.227142857142857,0,0,synthetic_demo_forecast,24,False,0,8,214,-0.8660254037844384,-0.5000000000000004,23.36,1.3200000000000003,29.20200000000001,23.46,1.3599999999999994,29.34680000000001,11.25,1.2599999999999998,16.2616,62.77333333333333,1.1225000000000023,66.10768333333333,537.68,49.65000000000009,643.0228000000001,1.7326003998880617,1.7268595319124285,3.496407065184227,0.0,1.6243088216346573,0.0,0.0
Mitte,2025-08-03,34.70666418117346,30.474575672564985,35.18169493766578,26.592209373427607,26.592209373427607,47.490409802519,4.067236555765887,657.2471428571429,1.227142857142857,13,0,synthetic_demo_forecast,24,True,1,8,215,-0.8660254037844384,-0.5000000000000004,23.36,1.3200000000000003,29.20200000000001,23.46,1.3599999999999994,29.34680000000001,11.25,1.2599999999999998,16.2616,62.77333333333333,1.1225000000000023,66.10768333333333,537.68,49.65000000000009,643.0228000000001,5.797894046276943,5.813363912396439,8.0,0.0,1.6243088216346573,0.0,0.2
Mitte,2025-08-04,39.29655304261313,34.99770950086224,40.08426018655589,30.901224047484458,30.901224047484458,40.40662015446673,4.353944746696572,657.2471428571429,1.227142857142857,24,13,synthetic_demo_forecast,24,True,2,8,216,-0.8660254037844384,-0.5000000000000004,23.36,1.3200000000000003,29.20200000000001,23.46,1.3599999999999994,29.34680000000001,11.25,1.2599999999999998,16.2616,62.77333333333333,1.1225000000000023,66.10768333333333,537.68,49.65000000000009,643.0228000000001,8.0,8.0,8.0,0.0,1.6243088216346573,1.0833333333333333,0.4
Mitte,2025-08-05,38.21975375586961,34.693183126564435,39.179842246515754,30.258266467463425,30.258266467463425,40.40662015446673,4.362480431315382,657.2471428571429,1.227142857142857,24,12,synthetic_demo_forecast,24,True,3,8,217,-0.8660254037844384,-0.5000000000000004,23.36,1.3200000000000003,29.20200000000001,23.46,1.3599999999999994,29.34680000000001,11.25,1.2599999999999998,16.2616,62.77333333333333,1.1225000000000023,66.10768333333333,537.68,49.65000000000009,643.0228000000001,7.5930049972967275,7.796241423312266,8.0,0.0,1.6243088216346573,1.0,0.6
Mitte,2025-08-06,33.88911518439849,29.79607453245561,34.48436750548088,24.91313986178001,24.91313986178001,47.490409802519,4.295121432982017,657.2471428571429,1.227142857142857,12,0,synthetic_demo_forecast,24,True,4,8,218,-0.8660254037844384,-0.5000000000000004,23.36,1.3200000000000003,29.20200000000001,23.46,1.3599999999999994,29.34680000000001,11.25,1.2599999999999998,16.2616,62.77333333333333,1.1225000000000023,66.10768333333333,537.68,49.65000000000009,643.0228000000001,5.380144619198097,5.467525008471251,7.314017128735669,0.0,1.6243088216346573,0.0,0.8
Mitte,2025-08-07,26.074775496430668,22.228582745495075,26.329871469977807,17.329649140312036,17.329649140312036,58.952222222222225,4.230622218107613,657.2471428571429,1.227142857142857,0,0,synthetic_demo_forecast,24,False,0,8,219,-0.8660254037844384,-0.5000000000000004,23.36,1.3200000000000003,29.20200000000001,23.46,1.3599999999999994,29.34680000000001,11.25,1.2599999999999998,16.2616,62.77333333333333,1.1225000000000023,66.10768333333333,537.68,49.65000000000009,643.0228000000001,1.3871901412090697,1.423310137783488,3.2544977507938846,0.0,1.6243088216346573,0.0,0.0
Neukölln,2025-08-01,27.212450435954302,21.702538046824568,27.538915482770296,16.741587717738874,16.741587717738874,59.29053571428572,4.354150336994803,657.1914285714286,1.5738095238095238,0,0,synthetic_demo_forecast,24,False,0,8,213,-0.8660254037844384,-0.5000000000000004,23.2,1.1799999999999997,29.058000000000014,23.27,1.1799999999999997,28.894400000000008,11.17,1.1899999999999995,16.2056,62.46333333333333,1.1300000000000026,66.12825000000001,545.87,55.24000000000001,652.9196000000001,2.2935260524652663,2.440122072978927,3.1579701102757682,0.0,1.359255519608298,0.0,0.0
Neukölln,2025-08-02,27.084221398604754,22.40642651028983,27.27141258172581,17.367132115907,17.367132115907,59.29053571428572,4.524297283283842,657.1914285714286,1.5738095238095238,0,0,synthetic_demo_forecast,24,False,0,8,214,-0.8660254037844384,-0.5000000000000004,23.2,1.1799999999999997,29.058000000000014,23.27,1.1799999999999997,28.894400000000008,11.17,1.1899999999999995,16.2056,62.46333333333333,1.1300000000000026,66.12825000000001,545.87,55.24000000000001,652.9196000000001,2.2202300348475967,2.287216789175801,3.51252802305455,0.0,1.359255519608298,0.0,0.0
Neukölln,2025-08-03,34.59884393864903,30.28474827617575,35.16981787783156,26.295572044073463,26.295572044073463,47.82872329458249,4.692363572776043,657.1914285714286,1.5738095238095238,12,0,synthetic_demo_forecast,24,True,1,8,215,-0.8660254037844384,-0.5000000000000004,23.2,1.1799999999999997,29.058000000000014,23.27,1.1799999999999997,28.894400000000008,11.17,1.1899999999999995,16.2056,62.46333333333333,1.1300000000000026,66.12825000000001,545.87,55.24000000000001,652.9196000000001,6.51560585197845,6.801963727162524,8.0,0.0,1.359255519608298,0.0,0.2
Neukölln,2025-08-04,39.27388376094159,34.83740211021276,40.14210857629719,30.886159088713097,30.886159088713097,40.74493364653022,4.425872199454461,657.1914285714286,1.5738095238095238,24,12,synthetic_demo_forecast,24,True,2,8,216,-0.8660254037844384,-0.5000000000000004,23.2,1.1799999999999997,29.058000000000014,23.27,1.1799999999999997,28.894400000000008,11.17,1.1899999999999995,16.2056,62.46333333333333,1.1300000000000026,66.12825000000001,545.87,55.24000000000001,652.9196000000001,8.0,8.0,8.0,0.0,1.359255519608298,1.0,0.4
Neukölln,2025-08-05,39.43712858691845,34.62681046679348,40.26338643625411,30.425934606104573,30.425934606104573,40.74493364653022,4.599340515535486,657.1914285714286,1.5738095238095238,24,11,synthetic_demo_forecast,24,True,3,8,217,-0.8660254037844384,-0.5000000000000004,23.2,1.1799999999999997,29.058000000000014,23.27,1.1799999999999997,28.894400000000008,11.17,1.1899999999999995,16.2056,62.46333333333333,1.1300000000000026,66.12825000000001,545.87,55.24000000000001,652.9196000000001,8.0,8.0,8.0,0.0,1.359255519608298,0.9166666666666666,0.6
Neukölln,2025-08-06,33.69228918392619,29.72974631199361,34.2020415294426,25.938364918199575,25.938364918199575,47.82872329458249,4.435456343029551,657.1914285714286,1.5738095238095238,11,0,synthetic_demo_forecast,24,True,4,8,218,-0.8660254037844384,-0.5000000000000004,23.2,1.1799999999999997,29.058000000000014,23.27,1.1799999999999997,28.894400000000008,11.17,1.1899999999999995,16.2056,62.46333333333333,1.1300000000000026,66.12825000000001,545.87,55.24000000000001,652.9196000000001,5.9974170341647834,6.248780503240188,8.0,0.0,1.359255519608298,0.0,0.8
Neukölln,2025-08-07,26.16118268970162,21.731888826319388,26.61781935385757,17.529690097503906,17.529690097503906,59.29053571428572,4.659098349236809,657.1914285714286,1.5738095238095238,0,0,synthetic_demo_forecast,24,False,0,8,219,-0.8660254037844384,-0.5000000000000004,23.2,1.1799999999999997,29.058000000000014,23.27,1.1799999999999997,28.894400000000008,11.17,1.1899999999999995,16.2056,62.46333333333333,1.1300000000000026,66.12825000000001,545.87,55.24000000000001,652.9196000000001,1.6926189502760953,1.9136213716727435,3.604665717564028,0.0,1.359255519608298,0.0,0.0
Pankow,2025-08-01,26.77847470668125,21.926499179382322,27.087705458987877,17.17166437105441,17.17166437105441,59.19343253968254,4.28971929960712,660.1990476190476,0.8480952380952381,0,0,synthetic_demo_forecast,24,False,0,8,213,-0.8660254037844384,-0.5000000000000004,23.02,1.25,26.4356,23.08,1.2999999999999972,26.7812,10.75,1.2699999999999996,13.775200000000002,63.09458333333333,1.1216666666666697,66.75355,536.45,52.14000000000004,648.4684000000001,2.028045167506409,2.079354075993259,3.4105143927057338,0.0,1.6008360014015477,0.0,0.0
Pankow,2025-08-02,27.517818890920683,22.239492873689304,27.805138551681612,17.07670571439168,17.07670571439168,59.19343253968254,4.247177193239703,660.1990476190476,0.8480952380952381,0,0,synthetic_demo_forecast,24,False,0,8,214,-0.8660254037844384,-0.5000000000000004,23.02,1.25,26.4356,23.08,1.2999999999999972,26.7812,10.75,1.2699999999999996,13.775200000000002,63.09458333333333,1.1216666666666697,66.75355,536.45,52.14000000000004,648.4684000000001,2.4269898237802154,2.451586377196829,3.360082316759811,0.0,1.6008360014015477,0.0,0.0
Pankow,2025-08-03,34.8877488576473,30.439183752003917,35.535478011916275,26.024808126325993,26.024808126325993,47.73162011997931,4.262919302960048,660.1990476190476,0.8480952380952381,12,0,synthetic_demo_forecast,24,True,1,8,215,-0.8660254037844384,-0.5000000000000004,23.02,1.25,26.4356,23.08,1.2999999999999972,26.7812,10.75,1.2699999999999996,13.775200000000002,63.09458333333333,1.1216666666666697,66.75355,536.45,52.14000000000004,648.4684000000001,6.4037495522176195,6.462388326078046,8.0,0.0,1.6008360014015477,0.0,0.2
Pankow,2025-08-04,39.27748939100777,34.83089291071824,40.033273555839884,31.332224128049237,31.332224128049237,40.647830471927044,4.323963931359806,660.1990476190476,0.8480952380952381,24,11,synthetic_demo_forecast,24,True,2,8,216,-0.8660254037844384,-0.5000000000000004,23.02,1.25,26.4356,23.08,1.2999999999999972,26.7812,10.75,1.2699999999999996,13.775200000000002,63.09458333333333,1.1216666666666697,66.75355,536.45,52.14000000000004,648.4684000000001,8.0,8.0,8.0,0.0,1.6008360014015477,0.9166666666666666,0.4
Pankow,2025-08-05,38.989012495770105,34.600447557546616,39.84754534115505,30.622547908399554,30.622547908399554,40.647830471927044,4.030222005757575,660.1990476190476,0.8480952380952381,24,11,synthetic_demo_forecast,24,True,3,8,217,-0.8660254037844384,-0.5000000000000004,23.02,1.25,26.4356,23.08,1.2999999999999972,26.7812,10.75,1.2699999999999996,13.775200000000002,63.09458333333333,1.1216666666666697,66.75355,536.45,52.14000000000004,648.4684000000001,8.0,8.0,8.0,0.0,1.6008360014015477,0.9166666666666666,0.6
Pankow,2025-08-06,33.92087267562452,29.643911010437492,34.56842546413951,25.214574113250574,25.214574113250574,47.73162011997931,4.1961326439042095,660.1990476190476,0.8480952380952381,12,0,synthetic_demo_forecast,24,True,4,8,218,-0.8660254037844384,-0.5000000000000004,23.02,1.25,26.4356,23.08,1.2999999999999972,26.7812,10.75,1.2699999999999996,13.775200000000002,63.09458333333333,1.1216666666666697,66.75355,536.45,52.14000000000004,648.4684000000001,5.882030311951719,5.960643704998255,7.682064235552663,0.0,1.6008360014015477,0.0,0.8
Pankow,2025-08-07,26.293857525889994,21.864100094274992,26.538262760742573,16.19436998013654,16.19436998013654,59.19343253968254,4.312258328681511,660.1990476190476,0.8480952380952381,0,0,synthetic_demo_forecast,24,False,0,8,219,-0.8660254037844384,-0.5000000000000004,23.02,1.25,26.4356,23.08,1.2999999999999972,26.7812,10.75,1.2699999999999996,13.775200000000002,63.09458333333333,1.1216666666666697,66.75355,536.45,52.14000000000004,648.4684000000001,1.7665493192445674,1.7942817507406852,2.891478143916434,0.0,1.6008360014015477,0.0,0.0
Reinickendorf,2025-08-01,25.702580448110407,21.703129567164552,25.880970015230027,16.36655874368116,16.36655874368116,59.572876984126985,4.10430572785966,643.6166666666667,0.9864285714285714,0,0,synthetic_demo_forecast,24,False,0,8,213,-0.8660254037844384,-0.5000000000000004,22.6,1.2699999999999996,27.372000000000003,22.61,1.2699999999999996,27.47200000000001,10.4,1.2599999999999998,14.820000000000007,63.29125,1.2833333333333314,67.18086666666667,542.97,50.90999999999997,647.9484000000001,1.647765230537971,1.7371961022028914,3.1939593162597033,0.0,1.3334363904692152,0.0,0.0
Reinickendorf,2025-08-02,26.327576539764912,22.08292848795313,26.43931319144253,16.384739165400397,16.384739165400397,59.572876984126985,4.09018919144098,643.6166666666667,0.9864285714285714,0,0,synthetic_demo_forecast,24,False,0,8,214,-0.8660254037844384,-0.5000000000000004,22.6,1.2699999999999996,27.372000000000003,22.61,1.2699999999999996,27.47200000000001,10.4,1.2599999999999998,14.820000000000007,63.29125,1.2833333333333314,67.18086666666667,542.97,50.90999999999997,647.9484000000001,1.979697583711161,2.0337294195037936,3.2036914801113006,0.0,1.3334363904692152,0.0,0.0
Reinickendorf,2025-08-03,34.6342534046027,30.01957758516684,35.15504167972931,25.69365614807168,25.69365614807168,48.11106456442375,4.251390783107279,643.6166666666667,0.9864285714285714,12,0,synthetic_demo_forecast,24,True,1,8,215,-0.8660254037844384,-0.5000000000000004,22.6,1.2699999999999996,27.372000000000003,22.61,1.2699999999999996,27.47200000000001,10.4,1.2599999999999998,14.820000000000007,63.29125,1.2833333333333314,67.18086666666667,542.97,50.90999999999997,647.9484000000001,6.3913328492947095,6.662609992304068,8.0,0.0,1.3334363904692152,0.0,0.2
Reinickendorf,2025-08-04,38.46993120370993,34.556569004073516,39.276549830120295,30.61922564935143,30.61922564935143,41.02727491637149,4.1776783637899255,643.6166666666667,0.9864285714285714,24,11,synthetic_demo_forecast,24,True,2,8,216,-0.8660254037844384,-0.5000000000000004,22.6,1.2699999999999996,27.372000000000003,22.61,1.2699999999999996,27.47200000000001,10.4,1.2599999999999998,14.820000000000007,63.29125,1.2833333333333314,67.18086666666667,542.97,50.90999999999997,647.9484000000001,8.0,8.0,8.0,0.0,1.3334363904692152,0.9166666666666666,0.4
Reinickendorf,2025-08-05,38.68177325909946,34.32609126416837,39.592017675243625,29.41926167696355,29.41926167696355,41.02727491637149,4.144817651270475,643.6166666666667,0.9864285714285714,23,11,synthetic_demo_forecast,24,True,3,8,217,-0.8660254037844384,-0.5000000000000004,22.6,1.2699999999999996,27.372000000000003,22.61,1.2699999999999996,27.47200000000001,10.4,1.2599999999999998,14.820000000000007,63.29125,1.2833333333333314,67.18086666666667,542.97,50.90999999999997,647.9484000000001,8.0,8.0,8.0,0.0,1.3334363904692152,0.9166666666666666,0.6
Reinickendorf,2025-08-06,34.17589825540264,29.42519870190586,34.78457165917902,24.627425991498416,24.627425991498416,48.11106456442375,4.399719344470459,643.6166666666667,0.9864285714285714,11,0,synthetic_demo_forecast,24,True,4,8,218,-0.8660254037844384,-0.5000000000000004,22.6,1.2699999999999996,27.372000000000003,22.61,1.2699999999999996,27.47200000000001,10.4,1.2599999999999998,14.820000000000007,63.29125,1.2833333333333314,67.18086666666667,542.97,50.90999999999997,647.9484000000001,6.147902681819153,6.465855184804641,7.616085208256205,0.0,1.3334363904692152,0.0,0.8
Reinickendorf,2025-08-07,25.738087932711117,21.57765576645977,25.799463476387842,16.277819982608392,16.277819982608392,59.572876984126985,4.309992872960763,643.6166666666667,0.9864285714285714,0,0,synthetic_demo_forecast,24,False,0,8,219,-0.8660254037844384,-0.5000000000000004,22.6,1.2699999999999996,27.372000000000003,22.61,1.2699999999999996,27.47200000000001,10.4,1.2599999999999998,14.820000000000007,63.29125,1.2833333333333314,67.18086666666667,542.97,50.90999999999997,647.9484000000001,1.666623081132803,1.6939083799304713,3.1464565588382873,0.0,1.3334363904692152,0.0,0.0
Spandau,2025-08-01,25.85822902615578,21.146184321413937,26.232077350295153,15.126316379462827,15.126316379462827,60.71511904761905,4.569051680986279,650.8890476190476,2.0240476190476193,0,0,synthetic_demo_forecast,24,False,0,8,213,-0.8660254037844384,-0.5000000000000004,22.76,1.2999999999999972,27.255200000000002,22.79,1.3300000000000018,27.636400000000002,10.6,1.3499999999999996,15.285200000000001,63.337916666666665,1.436249999999994,67.78,537.55,51.68999999999994,649.742,1.6074821914494208,1.7456010272013247,2.261450794381656,0.0,1.478934809574879,0.0,0.0
Spandau,2025-08-02,25.48677847262636,21.52444078859534,25.65140568406377,16.480124336663327,16.480124336663327,60.71511904761905,4.567498107286918,650.8890476190476,2.0240476190476193,0,0,synthetic_demo_forecast,24,False,0,8,214,-0.8660254037844384,-0.5000000000000004,22.76,1.2999999999999972,27.255200000000002,22.79,1.3300000000000018,27.636400000000002,10.6,1.3499999999999996,15.285200000000001,63.337916666666665,1.436249999999994,67.78,537.55,51.68999999999994,649.742,1.4147591407124507,1.4511215736953516,2.937844096039155,0.0,1.478934809574879,0.0,0.0
Spandau,2025-08-03,34.61551592838873,29.797920117089706,35.31643523585263,25.395459949878866,25.395459949878866,49.25330662791581,4.802244816369694,650.8890476190476,2.0240476190476193,13,0,synthetic_demo_forecast,24,True,1,8,215,-0.8660254037844384,-0.5000000000000004,22.76,1.2999999999999972,27.255200000000002,22.79,1.3300000000000018,27.636400000000002,10.6,1.3499999999999996,15.285200000000001,63.337916666666665,1.436249999999994,67.78,537.55,51.68999999999994,649.742,6.151104571173695,6.352605124635047,7.392148902518035,0.0,1.478934809574879,0.0,0.2
Spandau,2025-08-04,38.40118383455216,34.274228732180696,39.36648901852739,29.6503695538308,29.6503695538308,42.16951697986355,4.572724475040528,650.8890476190476,2.0240476190476193,23,11,synthetic_demo_forecast,24,True,2,8,216,-0.8660254037844384,-0.5000000000000004,22.76,1.2999999999999972,27.255200000000002,22.79,1.3300000000000018,27.636400000000002,10.6,1.3499999999999996,15.285200000000001,63.337916666666665,1.436249999999994,67.78,537.55,51.68999999999994,649.742,8.0,8.0,8.0,0.0,1.478934809574879,0.9166666666666666,0.4
Spandau,2025-08-05,37.44113651668892,33.77772280414727,38.42281005225951,29.893265298728487,29.893265298728487,42.16951697986355,4.757556108240192,650.8890476190476,2.0240476190476193,22,10,synthetic_demo_forecast,24,True,3,8,217,-0.8660254037844384,-0.5000000000000004,22.76,1.2999999999999972,27.255200000000002,22.79,1.3300000000000018,27.636400000000002,10.6,1.3499999999999996,15.285200000000001,63.337916666666665,1.436249999999994,67.78,537.55,51.68999999999994,649.742,7.617146860862389,7.9279593420314685,8.0,0.0,1.478934809574879,0.8333333333333334,0.6
Spandau,2025-08-06,33.56581532798607,28.82437124824793,34.06523273059665,23.777664037425286,23.777664037425286,49.25330662791581,4.410255304156705,650.8890476190476,2.0240476190476193,10,0,synthetic_demo_forecast,24,True,4,8,218,-0.8660254037844384,-0.5000000000000004,22.76,1.2999999999999972,27.255200000000002,22.79,1.3300000000000018,27.636400000000002,10.6,1.3499999999999996,15.285200000000001,63.337916666666665,1.436249999999994,67.78,537.55,51.68999999999994,649.742,5.6064789133362884,5.718075404312397,6.583861203504,0.0,1.478934809574879,0.0,0.8
Spandau,2025-08-07,25.226989564179615,21.153452949995543,25.432147674606078,16.35358805759753,16.35358805759753,60.71511904761905,4.5235786497222605,650.8890476190476,2.0240476190476193,0,0,synthetic_demo_forecast,24,False,0,8,219,-0.8660254037844384,-0.5000000000000004,22.76,1.2999999999999972,27.255200000000002,22.79,1.3300000000000018,27.636400000000002,10.6,1.3499999999999996,15.285200000000001,63.337916666666665,1.436249999999994,67.78,537.55,51.68999999999994,649.742,1.2799705113571889,1.3399279636799788,2.8746236879143914,0.0,1.478934809574879,0.0,0.0
Steglitz-Zehlendorf,2025-08-01,24.83463815910919,20.689381088866632,24.852500598278283,15.251578251033013,15.251578251033013,60.35525793650794,4.46705166442904,665.1614285714286,1.885,0,0,synthetic_demo_forecast,24,False,0,8,213,-0.8660254037844384,-0.5000000000000004,22.62,1.2300000000000004,29.5196,22.59,1.2199999999999989,29.700400000000002,10.18,1.450000000000001,16.485600000000005,63.705000000000005,1.2437500000000057,67.11735,541.55,54.66999999999996,650.4988000000001,1.2144333121165893,1.2508489728270258,2.35912597674775,0.0,1.5250551735344773,0.0,0.0
Steglitz-Zehlendorf,2025-08-02,25.31712532111198,21.13033177093588,25.580827125632386,16.29383604296472,16.29383604296472,60.35525793650794,4.465030016901456,665.1614285714286,1.885,0,0,synthetic_demo_forecast,24,False,0,8,214,-0.8660254037844384,-0.5000000000000004,22.62,1.2300000000000004,29.5196,22.59,1.2199999999999989,29.700400000000002,10.18,1.450000000000001,16.485600000000005,63.705000000000005,1.2437500000000057,67.11735,541.55,54.66999999999996,650.4988000000001,1.4790130945043691,1.6535125077303212,2.84394890754114,0.0,1.5250551735344773,0.0,0.0
Steglitz-Zehlendorf,2025-08-03,32.79914909147915,29.060529621357805,33.33249674066819,25.09711891200837,25.09711891200837,48.89344551680471,4.498257706399742,665.1614285714286,1.885,10,0,synthetic_demo_forecast,24,True,1,8,215,-0.8660254037844384,-0.5000000000000004,22.62,1.2300000000000004,29.5196,22.59,1.2199999999999989,29.700400000000002,10.18,1.450000000000001,16.485600000000005,63.705000000000005,1.2437500000000057,67.11735,541.55,54.66999999999996,650.4988000000001,5.581904066290458,5.93911047974438,6.938937147698758,0.0,1.5250551735344773,0.0,0.2
Steglitz-Zehlendorf,2025-08-04,37.684267482837924,33.631637687211175,38.432299162832095,29.49027843399776,29.49027843399776,41.809655868752436,4.438844289807994,665.1614285714286,1.885,21,8,synthetic_demo_forecast,24,True,2,8,216,-0.8660254037844384,-0.5000000000000004,22.62,1.2300000000000004,29.5196,22.59,1.2199999999999989,29.700400000000002,10.18,1.450000000000001,16.485600000000005,63.705000000000005,1.2437500000000057,67.11735,541.55,54.66999999999996,650.4988000000001,8.0,8.0,8.0,0.0,1.5250551735344773,0.6666666666666666,0.4
Steglitz-Zehlendorf,2025-08-05,37.54542682835382,33.327774625194785,38.29787464818181,28.58438492411211,28.58438492411211,41.809655868752436,4.443946979795836,665.1614285714286,1.885,21,7,synthetic_demo_forecast,24,True,3,8,217,-0.8660254037844384,-0.5000000000000004,22.62,1.2300000000000004,29.5196,22.59,1.2199999999999989,29.700400000000002,10.18,1.450000000000001,16.485600000000005,63.705000000000005,1.2437500000000057,67.11735,541.55,54.66999999999996,650.4988000000001,8.0,8.0,8.0,0.0,1.5250551735344773,0.5833333333333334,0.6
Steglitz-Zehlendorf,2025-08-06,32.4414902789613,28.428894338008416,32.96161093082132,23.52874717679432,23.52874717679432,48.89344551680471,4.3910607863726385,665.1614285714286,1.885,11,0,synthetic_demo_forecast,24,True,4,8,218,-0.8660254037844384,-0.5000000000000004,22.62,1.2300000000000004,29.5196,22.59,1.2199999999999989,29.700400000000002,10.18,1.450000000000001,16.485600000000005,63.705000000000005,1.2437500000000057,67.11735,541.55,54.66999999999996,650.4988000000001,5.385775965405365,5.734062076824128,6.209383876784172,0.0,1.5250551735344773,0.0,0.8
Steglitz-Zehlendorf,2025-08-07,25.490876922162602,20.521057322935594,25.570010711529175,15.180662322370337,15.180662322370337,60.35525793650794,4.463794793247256,665.1614285714286,1.885,0,0,synthetic_demo_forecast,24,False,0,8,219,-0.8660254037844384,-0.5000000000000004,22.62,1.2300000000000004,29.5196,22.59,1.2199999999999989,29.700400000000002,10.18,1.450000000000001,16.485600000000005,63.705000000000005,1.2437500000000057,67.11735,541.55,54.66999999999996,650.4988000000001,1.574292646823807,1.6475325312030362,2.326138294966593,0.0,1.5250551735344773,0.0,0.0
Tempelhof-Schöneberg,2025-08-01,26.318085228356026,21.923017457494414,26.446077783699995,16.38279441820092,16.38279441820092,58.87902777777777,4.4938013817027445,648.8204761904761,1.1357142857142857,0,0,synthetic_demo_forecast,24,False,0,8,213,-0.8660254037844384,-0.5000000000000004,23.35,1.3099999999999987,29.068800000000003,23.49,1.3699999999999974,29.3016,11.03,1.4000000000000004,17.6908,63.09458333333333,1.34375,66.0773,544.59,45.049999999999955,668.344,1.5282030991336795,1.4553628827735068,2.5788645517531554,0.0,1.5605436858228963,0.0,0.0
Tempelhof-Schöneberg,2025-08-02,25.871207644711138,22.07276452049093,26.184269412317825,16.717626692545977,16.717626692545977,58.87902777777777,4.656007932185025,648.8204761904761,1.1357142857142857,0,0,synthetic_demo_forecast,24,False,0,8,214,-0.8660254037844384,-0.5000000000000004,23.35,1.3099999999999987,29.068800000000003,23.49,1.3699999999999974,29.3016,11.03,1.4000000000000004,17.6908,63.09458333333333,1.34375,66.0773,544.59,45.049999999999955,668.344,1.2981154649461175,1.3264670234662874,2.7401797481962076,0.0,1.5605436858228963,0.0,0.0
Tempelhof-Schöneberg,2025-08-03,34.14956896353871,30.440804089592135,34.89429407725755,25.71633551593469,25.71633551593469,47.41721535807455,4.601978658525754,648.8204761904761,1.1357142857142857,13,0,synthetic_demo_forecast,24,True,1,8,215,-0.8660254037844384,-0.5000000000000004,23.35,1.3099999999999987,29.068800000000003,23.49,1.3699999999999974,29.3016,11.03,1.4000000000000004,17.6908,63.09458333333333,1.34375,66.0773,544.59,45.049999999999955,668.344,5.560465245982518,5.614664944134231,7.0755697114792016,0.0,1.5605436858228963,0.0,0.2
Tempelhof-Schöneberg,2025-08-04,38.7555783720422,35.03738407296424,39.79136055521491,30.619279014771077,30.619279014771077,40.33342571002228,4.498536769449674,648.8204761904761,1.1357142857142857,24,12,synthetic_demo_forecast,24,True,2,8,216,-0.8660254037844384,-0.5000000000000004,23.35,1.3099999999999987,29.068800000000003,23.49,1.3699999999999974,29.3016,11.03,1.4000000000000004,17.6908,63.09458333333333,1.34375,66.0773,544.59,45.049999999999955,668.344,7.932000195675544,8.0,8.0,0.0,1.5605436858228963,1.0,0.4
Tempelhof-Schöneberg,2025-08-05,38.930710816196004,34.61756552245243,39.72800311147424,30.141427892536633,30.141427892536633,40.33342571002228,4.565483586914085,648.8204761904761,1.1357142857142857,24,11,synthetic_demo_forecast,24,True,3,8,217,-0.8660254037844384,-0.5000000000000004,23.35,1.3099999999999987,29.068800000000003,23.49,1.3699999999999974,29.3016,11.03,1.4000000000000004,17.6908,63.09458333333333,1.34375,66.0773,544.59,45.049999999999955,668.344,8.0,7.99444018324204,8.0,0.0,1.5605436858228963,0.9166666666666666,0.6
Tempelhof-Schöneberg,2025-08-06,34.23614253461702,29.717852644877805,34.73237027769921,25.029506695744058,25.029506695744058,47.41721535807455,4.603666655250629,648.8204761904761,1.1357142857142857,14,0,synthetic_demo_forecast,24,True,4,8,218,-0.8660254037844384,-0.5000000000000004,23.35,1.3099999999999987,29.068800000000003,23.49,1.3699999999999974,29.3016,11.03,1.4000000000000004,17.6908,63.09458333333333,1.34375,66.0773,544.59,45.049999999999955,668.344,5.605040111407866,5.5349451583375595,6.744669931078634,0.0,1.5605436858228963,0.0,0.8
Tempelhof-Schöneberg,2025-08-07,26.56734277837802,21.950130857705243,26.928708097680477,16.554002563054862,16.554002563054862,58.87902777777777,4.474893483536765,648.8204761904761,1.1357142857142857,0,0,synthetic_demo_forecast,24,False,0,8,219,-0.8660254037844384,-0.5000000000000004,23.35,1.3099999999999987,29.068800000000003,23.49,1.3699999999999974,29.3016,11.03,1.4000000000000004,17.6908,63.09458333333333,1.34375,66.0773,544.59,45.049999999999955,668.344,1.6565404382326188,1.6929757930093638,2.6613490600753797,0.0,1.5605436858228963,0.0,0.0
Treptow-Köpenick,2025-08-01,25.154121684114955,21.0352842943856,25.339045926743285,16.015222482699627,16.015222482699627,60.07785714285714,4.35157291697057,659.4628571428572,1.4726190476190477,0,0,synthetic_demo_forecast,24,False,0,8,213,-0.8660254037844384,-0.5000000000000004,22.29,1.3000000000000007,25.5676,22.33,1.3299999999999983,25.674000000000003,9.91,1.2400000000000002,13.5076,63.57708333333333,1.42916666666666,66.88658333333333,538.04,48.780000000000086,657.4008000000001,1.4860181615016002,1.5259952424278478,3.3209001202658506,0.0,1.6789379895880225,0.0,0.0
Treptow-Köpenick,2025-08-02,26.129013898606217,21.438562200772548,26.302922803661012,16.27501132890982,16.27501132890982,60.07785714285714,4.193166081722329,659.4628571428572,1.4726190476190477,0,0,synthetic_demo_forecast,24,False,0,8,214,-0.8660254037844384,-0.5000000000000004,22.29,1.3000000000000007,25.5676,22.33,1.3299999999999983,25.674000000000003,9.91,1.2400000000000002,13.5076,63.57708333333333,1.42916666666666,66.88658333333333,538.04,48.780000000000086,657.4008000000001,1.9918303077785473,2.0148118189347404,3.462210746220577,0.0,1.6789379895880225,0.0,0.0
Treptow-Köpenick,2025-08-03,33.5717104572441,29.462988839342717,34.09251770043156,24.715112840403787,24.715112840403787,48.61604472315391,4.310612836175445,659.4628571428572,1.4726190476190477,11,0,synthetic_demo_forecast,24,True,1,8,215,-0.8660254037844384,-0.5000000000000004,22.29,1.3000000000000007,25.5676,22.33,1.3299999999999983,25.674000000000003,9.91,1.2400000000000002,13.5076,63.57708333333333,1.42916666666666,66.88658333333333,538.04,48.780000000000086,657.4008000000001,5.853391888078167,5.965195110617283,8.0,0.0,1.6789379895880225,0.0,0.2
Treptow-Köpenick,2025-08-04,39.08507240615532,34.104208505627476,39.85892781142643,29.949317646953457,29.949317646953457,41.532255075101645,4.354221144031265,659.4628571428572,1.4726190476190477,23,10,synthetic_demo_forecast,24,True,2,8,216,-0.8660254037844384,-0.5000000000000004,22.29,1.3000000000000007,25.5676,22.33,1.3299999999999983,25.674000000000003,9.91,1.2400000000000002,13.5076,63.57708333333333,1.42916666666666,66.88658333333333,538.04,48.780000000000086,657.4008000000001,8.0,8.0,8.0,0.0,1.6789379895880225,0.8333333333333334,0.4
Treptow-Köpenick,2025-08-05,38.94522431470745,33.69690081471273,39.82044618829872,29.727877931847914,29.727877931847914,41.532255075101645,4.353847945708436,659.4628571428572,1.4726190476190477,23,8,synthetic_demo_forecast,24,True,3,8,217,-0.8660254037844384,-0.5000000000000004,22.29,1.3000000000000007,25.5676,22.33,1.3299999999999983,25.674000000000003,9.91,1.2400000000000002,13.5076,63.57708333333333,1.42916666666666,66.88658333333333,538.04,48.780000000000086,657.4008000000001,8.0,8.0,8.0,0.0,1.6789379895880225,0.6666666666666666,0.6
Treptow-Köpenick,2025-08-06,33.61592975229395,28.78208331155363,34.21231744867205,24.608559632523644,24.608559632523644,48.61604472315391,4.234702877474416,659.4628571428572,1.4726190476190477,9,0,synthetic_demo_forecast,24,True,4,8,218,-0.8660254037844384,-0.5000000000000004,22.29,1.3000000000000007,25.5676,22.33,1.3299999999999983,25.674000000000003,9.91,1.2400000000000002,13.5076,63.57708333333333,1.42916666666666,66.88658333333333,538.04,48.780000000000086,657.4008000000001,5.8763345849256226,6.025949864884829,7.9951956852845925,0.0,1.6789379895880225,0.0,0.8
Treptow-Köpenick,2025-08-07,25.345760976540515,20.894497846949292,25.63478898717102,15.734289986398615,15.734289986398615,60.07785714285714,4.418150117756699,659.4628571428572,1.4726190476190477,0,0,synthetic_demo_forecast,24,False,0,8,219,-0.8660254037844384,-0.5000000000000004,22.29,1.3000000000000007,25.5676,22.33,1.3299999999999983,25.674000000000003,9.91,1.2400000000000002,13.5076,63.57708333333333,1.42916666666666,66.88658333333333,538.04,48.780000000000086,657.4008000000001,1.585448109112118,1.6759771683209577,3.1680885293047814,0.0,1.6789379895880225,0.0,0.0
