district,date,max_apparent_temp,mean_apparent_temp,max_temperature,min_temperature,night_min_temperature,mean_humidity,mean_wind_speed,max_shortwave_radiation,total_precipitation,heat_hours_30,heat_hours_apparent_35,weather_source,hourly_coverage,hot_day,heatwave_streak,month,day_of_year,month_sin,month_cos,max_apparent_temp_median,max_apparent_temp_mad,max_apparent_temp_p98,max_temperature_median,max_temperature_mad,max_temperature_p98,night_min_temperature_median,night_min_temperature_mad,night_min_temperature_p98,mean_humidity_median,mean_humidity_mad,mean_humidity_p98,max_shortwave_radiation_median,max_shortwave_radiation_mad,max_shortwave_radiation_p98,apparent_anomaly_z,temperature_anomaly_z,night_anomaly_z,humidity_anomaly_z,radiation_anomaly_z,heat_hours_apparent_35_scaled,heatwave_streak_scaled,isolation_forest_raw,isolation_forest_percentile,robust_covariance_raw,robust_covariance_percentile,anomaly_score,model_disagreement,latitude,longitude,population_density_per_km2,share_age_65_plus_pct,green_space_pct,impervious_surface_pct,source_quality,apparent_heat_score,night_heat_score,duration_score,heat_hours_score,anomaly_component_score,hazard_score,exposure_score,age_vulnerability_score,impervious_score,low_green_score,vulnerability_score,hazard_contribution,exposure_contribution,vulnerability_contribution,risk_score,risk_level,recommendation,dominant_driver,generated_at_utc,pipeline_mode
Friedrichshain-Kreuzberg,2025-08-01,26.6669519667188,22.1440172225587,26.922927591738336,16.447886556878213,16.447886556878213,58.49950396825397,4.543451228087551,659.5557142857143,1.418095238095238,0,0,synthetic_demo_forecast,24,False,0,8,213,-0.8660254037844384,-0.5000000000000004,23.85,1.1699999999999982,28.070400000000003,23.94,1.1799999999999997,28.3036,11.35,1.1899999999999995,15.4244,62.49625,1.1541666666666686,66.26733333333333,544.1,54.049999999999955,639.7536,1.6239385225993614,1.705048387131594,2.889476786112868,0.0,1.4407735876870358,0.0,0.0,0.579255148907003,0.9678333333333333,48.98610960351367,0.9568888888888889,96.455,1.0944444444444423,52.4996,13.4314,14100,10.7,18.0,73.0,demo_seed_replace_with_official_aggregation,14.816399815104436,4.071695971620121,0.0,0.0,96.455,25.08749433102957,100.0,0.0,100.0,100.0,60.0,13.798121882066265,20.0,15.0,48.79812188206627,High,Target warnings; review outdoor work and event schedules.,population exposure,2026-08-04T20:45:56.440844+00:00,demo
Mitte,2025-08-01,26.112652527145944,21.849838777427507,26.347594366895024,16.520804200076967,16.520804200076967,58.952222222222225,4.268525328236541,657.2471428571429,1.227142857142857,0,0,synthetic_demo_forecast,24,False,0,8,213,-0.8660254037844384,-0.5000000000000004,23.36,1.3200000000000003,29.20200000000001,23.46,1.3599999999999994,29.34680000000001,11.25,1.2599999999999998,16.2616,62.77333333333333,1.1225000000000023,66.10768333333333,537.68,49.65000000000009,643.0228000000001,1.4065444648559369,1.4320997923436491,2.821514863462176,0.0,1.6243088216346573,0.0,0.0,0.5807774493687811,0.9686666666666667,43.59957879485439,0.9485,96.26166666666666,2.0166666666666666,52.52,13.405,9800,15.2,22.0,67.0,demo_seed_replace_with_official_aggregation,11.73695848414413,4.7345836370633325,0.0,0.0,96.26166666666666,24.070456348343278,65.3225806451613,33.83458646616541,86.66666666666667,90.2439024390244,66.4281435295556,13.238750991588804,13.06451612903226,16.6070358823889,42.910303003009965,Moderate,Publish heat-safety guidance and verify cooling resources.,climate anomaly,2026-08-04T20:45:56.440844+00:00,demo
Neukölln,2025-08-01,27.212450435954302,21.702538046824568,27.538915482770296,16.741587717738874,16.741587717738874,59.29053571428572,4.354150336994803,657.1914285714286,1.5738095238095238,0,0,synthetic_demo_forecast,24,False,0,8,213,-0.8660254037844384,-0.5000000000000004,23.2,1.1799999999999997,29.058000000000014,23.27,1.1799999999999997,28.894400000000008,11.17,1.1899999999999995,16.2056,62.46333333333333,1.1300000000000026,66.12825000000001,545.87,55.24000000000001,652.9196000000001,2.2935260524652663,2.440122072978927,3.1579701102757682,0.0,1.359255519608298,0.0,0.0,0.635114025952079,0.9860555555555556,74.22563200460472,0.9773333333333334,98.34388888888888,0.8722222222222187,52.4408,13.4445,7200,15.0,24.0,64.0,demo_seed_replace_with_official_aggregation,17.846946866412793,6.741706524898851,0.0,0.0,98.34388888888888,26.926465159757083,44.354838709677416,32.330827067669176,80.0,85.36585365853658,62.27379424170182,14.809555837866396,8.870967741935484,15.568448560425455,39.24897214022734,Moderate,Publish heat-safety guidance and verify cooling resources.,climate anomaly,2026-08-04T20:45:56.440844+00:00,demo
Tempelhof-Schöneberg,2025-08-01,26.318085228356026,21.923017457494414,26.446077783699995,16.38279441820092,16.38279441820092,58.87902777777777,4.4938013817027445,648.8204761904761,1.1357142857142857,0,0,synthetic_demo_forecast,24,False,0,8,213,-0.8660254037844384,-0.5000000000000004,23.35,1.3099999999999987,29.068800000000003,23.49,1.3699999999999974,29.3016,11.03,1.4000000000000004,17.6908,63.09458333333333,1.34375,66.0773,544.59,45.049999999999955,668.344,1.5282030991336795,1.4553628827735068,2.5788645517531554,0.0,1.5605436858228963,0.0,0.0,0.5659917518586389,0.9602222222222222,37.05628980325277,0.9317777777777778,95.16888888888889,2.8444444444444383,52.4406,13.3737,6700,20.3,29.0,58.0,demo_seed_replace_with_official_aggregation,12.878251268644586,3.479949256371998,0.0,0.0,95.16888888888889,24.063158110259184,40.32258064516129,72.18045112781955,66.66666666666667,73.17073170731707,70.49819671129042,13.234736960642552,8.064516129032258,17.624549177822605,38.923802267497415,Moderate,Publish heat-safety guidance and verify cooling resources.,climate anomaly,2026-08-04T20:45:56.440844+00:00,demo
Charlottenburg-Wilmersdorf,2025-08-01,26.099652814623383,21.689101628356557,26.327211364719663,16.236649719428964,16.236649719428964,59.386626984126984,4.2967485532694125,656.2414285714285,1.0485714285714285,0,0,synthetic_demo_forecast,24,False,0,8,213,-0.8660254037844384,-0.5000000000000004,22.87,1.4000000000000021,27.7716,22.92,1.3100000000000023,27.882400000000004,10.74,1.3499999999999996,14.570400000000003,63.135,1.3266666666666609,66.60005,550.11,47.139999999999986,642.7468,1.555979271272175,1.7542996802191195,2.746251439877376,0.0,1.5185546852244134,0.0,0.0,0.5776127877580044,0.9671666666666666,49.52381724604276,0.9577777777777777,96.43499999999999,0.9388888888888891,52.5079,13.2638,5300,22.1,34.0,53.0,demo_seed_replace_with_official_aggregation,11.664737859018793,2.1513610857178573,0.0,0.0,96.43499999999999,23.692362413514253,29.032258064516128,85.71428571428572,55.55555555555556,60.97560975609756,68.97406116918313,13.03079932743284,5.806451612903226,17.243515292295783,36.080766232631845,Moderate,Publish heat-safety guidance and verify cooling resources.,climate anomaly,2026-08-04T20:45:56.440844+00:00,demo
Lichtenberg,2025-08-01,26.4487947880063,21.58229564683519,26.738700277804636,16.033038839419145,16.033038839419145,59.40160714285714,4.3760365626882285,669.0704761904761,1.3033333333333335,0,0,synthetic_demo_forecast,24,False,0,8,213,-0.8660254037844384,-0.5000000000000004,23.21,1.2100000000000009,29.260400000000004,23.35,1.3099999999999987,29.4452,11.12,1.1799999999999997,17.273600000000002,62.86375,1.3191666666666677,66.4736,537.78,52.25999999999999,654.5752,1.805402608554715,1.7447687206221367,2.808304489947314,0.0,1.6944931687286284,0.0,0.0,0.5986819461587842,0.9765555555555555,46.98375113275863,0.9543888888888888,96.99055555555555,2.216666666666667,52.5322,13.5119,5500,18.6,32.0,52.0,demo_seed_replace_with_official_aggregation,13.604415488923886,0.30035308562859275,0.0,0.0,96.99055555555555,24.20470949507876,30.64516129032258,59.39849624060152,53.333333333333336,65.85365853658536,58.88947979705362,13.312590222293318,6.129032258064516,14.722369949263404,34.16399242962124,Moderate,Publish heat-safety guidance and verify cooling resources.,climate anomaly,2026-08-04T20:45:56.440844+00:00,demo
Marzahn-Hellersdorf,2025-08-01,25.562969873439425,21.310261031163737,25.93821218781943,16.61948724551147,16.61948724551147,59.68172619047619,4.569150122942372,659.167619047619,0.986904761904762,0,0,synthetic_demo_forecast,24,False,0,8,213,-0.8660254037844384,-0.5000000000000004,23.13,1.3000000000000007,29.3636,23.24,1.389999999999997,29.524800000000003,10.62,1.3099999999999987,16.514000000000003,63.31,1.1412499999999994,66.3952,546.13,52.58000000000004,652.3324,1.2623197674767945,1.309294379705999,3.0890066478589167,0.0,1.450034794995332,0.0,0.0,0.5720154176523384,0.9637777777777777,50.60185576645119,0.9589444444444445,96.23277777777777,0.4833333333333245,52.5223,13.5754,4100,20.2,39.0,45.0,demo_seed_replace_with_official_aggregation,8.68316596355236,5.63170223192244,0.0,0.0,96.23277777777777,23.130418977587247,19.35483870967742,71.42857142857143,37.77777777777778,48.78048780487805,53.98877274487031,12.721730437672987,3.870967741935484,13.497193186217578,30.08989136582605,Moderate,Publish heat-safety guidance and verify cooling resources.,climate anomaly,2026-08-04T20:45:56.440844+00:00,demo
Pankow,2025-08-01,26.77847470668125,21.926499179382322,27.087705458987877,17.17166437105441,17.17166437105441,59.19343253968254,4.28971929960712,660.1990476190476,0.8480952380952381,0,0,synthetic_demo_forecast,24,False,0,8,213,-0.8660254037844384,-0.5000000000000004,23.02,1.25,26.4356,23.08,1.2999999999999972,26.7812,10.75,1.2699999999999996,13.775200000000002,63.09458333333333,1.1216666666666697,66.75355,536.45,52.14000000000004,648.4684000000001,2.028045167506409,2.079354075993259,3.4105143927057338,0.0,1.6008360014015477,0.0,0.0,0.6301921991009056,0.9852777777777778,71.44403265617109,0.9762222222222222,98.2561111111111,0.9055555555555594,52.5929,13.4317,4100,16.0,35.0,48.0,demo_seed_replace_with_official_aggregation,15.43597059267362,10.651494282312804,0.0,0.0,98.2561111111111,26.65153607200491,19.35483870967742,39.84962406015038,44.44444444444444,58.53658536585366,46.12955152107912,14.658344839602702,3.870967741935484,11.53238788026978,30.061700461807966,Moderate,Publish heat-safety guidance and verify cooling resources.,climate anomaly,2026-08-04T20:45:56.440844+00:00,demo
Reinickendorf,2025-08-01,25.702580448110407,21.703129567164552,25.880970015230027,16.36655874368116,16.36655874368116,59.572876984126985,4.10430572785966,643.6166666666667,0.9864285714285714,0,0,synthetic_demo_forecast,24,False,0,8,213,-0.8660254037844384,-0.5000000000000004,22.6,1.2699999999999996,27.372000000000003,22.61,1.2699999999999996,27.47200000000001,10.4,1.2599999999999998,14.820000000000007,63.29125,1.2833333333333314,67.18086666666667,542.97,50.90999999999997,647.9484000000001,1.647765230537971,1.7371961022028914,3.1939593162597033,0.0,1.3334363904692152,0.0,0.0,0.5899110759836295,0.9731111111111111,59.3102547178004,0.9681111111111111,97.16111111111111,0.5000000000000004,52.6048,13.2953,3000,22.4,49.0,37.0,demo_seed_replace_with_official_aggregation,9.458780267280039,3.332352215283278,0.0,0.0,97.16111111111111,23.242648148062727,10.483870967741936,87.96992481203007,20.0,24.390243902439025,48.28553090042179,12.7834564814345,2.0967741935483875,12.071382725105448,26.951613400088334,Moderate,Publish heat-safety guidance and verify cooling resources.,climate anomaly,2026-08-04T20:45:56.440844+00:00,demo
Steglitz-Zehlendorf,2025-08-01,24.83463815910919,20.689381088866632,24.852500598278283,15.251578251033013,15.251578251033013,60.35525793650794,4.46705166442904,665.1614285714286,1.885,0,0,synthetic_demo_forecast,24,False,0,8,213,-0.8660254037844384,-0.5000000000000004,22.62,1.2300000000000004,29.5196,22.59,1.2199999999999989,29.700400000000002,10.18,1.450000000000001,16.485600000000005,63.705000000000005,1.2437500000000057,67.11735,541.55,54.66999999999996,650.4988000000001,1.2144333121165893,1.2508489728270258,2.35912597674775,0.0,1.5250551735344773,0.0,0.0,0.5402705239030376,0.9357777777777778,30.08966118500581,0.9040555555555555,92.62611111111111,3.172222222222232,52.4295,13.2588,3100,24.0,48.0,36.0,demo_seed_replace_with_official_aggregation,4.636878661717721,0.0,0.0,0.0,92.62611111111111,20.148129753823426,11.290322580645162,100.0,17.77777777777778,26.829268292682926,52.929539295392956,11.081471364602885,2.2580645161290325,13.232384823848239,26.571920704580158,Moderate,Publish heat-safety guidance and verify cooling resources.,climate anomaly,2026-08-04T20:45:56.440844+00:00,demo
Spandau,2025-08-01,25.85822902615578,21.146184321413937,26.232077350295153,15.126316379462827,15.126316379462827,60.71511904761905,4.569051680986279,650.8890476190476,2.0240476190476193,0,0,synthetic_demo_forecast,24,False,0,8,213,-0.8660254037844384,-0.5000000000000004,22.76,1.2999999999999972,27.255200000000002,22.79,1.3300000000000018,27.636400000000002,10.6,1.3499999999999996,15.285200000000001,63.337916666666665,1.436249999999994,67.78,537.55,51.68999999999994,649.742,1.6074821914494208,1.7456010272013247,2.261450794381656,0.0,1.478934809574879,0.0,0.0,0.5549371357601244,0.9512777777777778,35.80589994103717,0.9268888888888889,94.3961111111111,2.4388888888888904,52.5389,13.2034,2700,21.0,45.0,39.0,demo_seed_replace_with_official_aggregation,10.32349458975433,0.0,0.0,0.0,94.3961111111111,22.492445328636236,8.064516129032258,77.44360902255639,24.444444444444443,34.14634146341463,48.06958453043177,12.37084493074993,1.6129032258064517,12.017396132607942,26.001144289164323,Moderate,Publish heat-safety guidance and verify cooling resources.,climate anomaly,2026-08-04T20:45:56.440844+00:00,demo
Treptow-Köpenick,2025-08-01,25.154121684114955,21.0352842943856,25.339045926743285,16.015222482699627,16.015222482699627,60.07785714285714,4.35157291697057,659.4628571428572,1.4726190476190477,0,0,synthetic_demo_forecast,24,False,0,8,213,-0.8660254037844384,-0.5000000000000004,22.29,1.3000000000000007,25.5676,22.33,1.3299999999999983,25.674000000000003,9.91,1.2400000000000002,13.5076,63.57708333333333,1.42916666666666,66.88658333333333,538.04,48.780000000000086,657.4008000000001,1.4860181615016002,1.5259952424278478,3.3209001202658506,0.0,1.6789379895880225,0.0,0.0,0.5977410948310525,0.9761666666666666,60.61591501771814,0.9697777777777777,97.42499999999998,0.6388888888888888,52.4349,13.5808,1700,21.7,59.0,28.0,demo_seed_replace_with_official_aggregation,6.411787133971972,0.13838620636024954,0.0,0.0,97.42499999999998,21.749883427844228,0.0,82.70676691729322,0.0,0.0,33.08270676691729,11.962435885314326,0.0,8.270676691729323,20.23311257704365,Low,Routine monitoring.,climate anomaly,2026-08-04T20:45:56.440844+00:00,demo
Friedrichshain-Kreuzberg,2025-08-02,26.715029204060816,22.460302738871835,27.050456171910774,17.853456367730804,17.853456367730804,58.49950396825397,4.411997725236351,659.5557142857143,1.418095238095238,0,0,synthetic_demo_forecast,24,False,0,8,214,-0.8660254037844384,-0.5000000000000004,23.85,1.1699999999999982,28.070400000000003,23.94,1.1799999999999997,28.3036,11.35,1.1899999999999995,15.4244,62.49625,1.1541666666666686,66.26733333333333,544.1,54.049999999999955,639.7536,1.6516544647603477,1.77794402178878,3.6861522896585304,0.0,1.4407735876870358,0.0,0.0,0.6002468095338166,0.9770555555555556,78.96600954108074,0.9795,97.77888888888889,0.24444444444444713,52.4996,13.4314,14100,10.7,18.0,73.0,demo_seed_replace_with_official_aggregation,15.083495578115642,16.849603343007303,0.0,0.0,97.77888888888889,27.362441731569348,100.0,0.0,100.0,100.0,60.0,15.049342952363142,20.0,15.0,50.04934295236314,High,Target warnings; review outdoor work and event schedules.,population exposure,2026-08-04T20:45:56.440844+00:00,demo
Mitte,2025-08-02,26.750754425793733,22.444804397651055,26.941929041138177,17.78155412470109,17.78155412470109,58.952222222222225,4.159496332039602,657.2471428571429,1.227142857142857,0,0,synthetic_demo_forecast,24,False,0,8,214,-0.8660254037844384,-0.5000000000000004,23.36,1.3200000000000003,29.20200000000001,23.46,1.3599999999999994,29.34680000000001,11.25,1.2599999999999998,16.2616,62.77333333333333,1.1225000000000023,66.10768333333333,537.68,49.65000000000009,643.0228000000001,1.7326003998880617,1.7268595319124285,3.496407065184227,0.0,1.6243088216346573,0.0,0.0,0.6069436285493522,0.9790555555555556,68.54210062796543,0.9746111111111111,97.77222222222221,0.4444444444444473,52.52,13.405,9800,15.2,22.0,67.0,demo_seed_replace_with_official_aggregation,15.281969032187407,16.195946588191713,0.0,0.0,97.77222222222221,27.33252559393879,65.3225806451613,33.83458646616541,86.66666666666667,90.2439024390244,66.4281435295556,15.032889076666336,13.06451612903226,16.6070358823889,44.70444108808749,Moderate,Publish heat-safety guidance and verify cooling resources.,climate anomaly,2026-08-04T20:45:56.440844+00:00,demo
Neukölln,2025-08-02,27.084221398604754,22.40642651028983,27.27141258172581,17.367132115907,17.367132115907,59.29053571428572,4.524297283283842,657.1914285714286,1.5738095238095238,0,0,synthetic_demo_forecast,24,False,0,8,214,-0.8660254037844384,-0.5000000000000004,23.2,1.1799999999999997,29.058000000000014,23.27,1.1799999999999997,28.894400000000008,11.17,1.1899999999999995,16.2056,62.46333333333333,1.1300000000000026,66.12825000000001,545.87,55.24000000000001,652.9196000000001,2.2202300348475967,2.287216789175801,3.51252802305455,0.0,1.359255519608298,0.0,0.0,0.6324616519053265,0.9856666666666667,80.48394175297662,0.9797777777777777,98.39,0.5888888888888943,52.4408,13.4445,7200,15.0,24.0,64.0,demo_seed_replace_with_official_aggregation,17.134563325581965,12.428473780972736,0.0,0.0,98.39,27.539368231099598,44.354838709677416,32.330827067669176,80.0,85.36585365853658,62.27379424170182,15.14665252710478,8.870967741935484,15.568448560425455,39.58606882946572,Moderate,Publish heat-safety guidance and verify cooling resources.,climate anomaly,2026-08-04T20:45:56.440844+00:00,demo
Tempelhof-Schöneberg,2025-08-02,25.871207644711138,22.07276452049093,26.184269412317825,16.717626692545977,16.717626692545977,58.87902777777777,4.656007932185025,648.8204761904761,1.1357142857142857,0,0,synthetic_demo_forecast,24,False,0,8,214,-0.8660254037844384,-0.5000000000000004,23.35,1.3099999999999987,29.068800000000003,23.49,1.3699999999999974,29.3016,11.03,1.4000000000000004,17.6908,63.09458333333333,1.34375,66.0773,544.59,45.049999999999955,668.344,1.2981154649461175,1.3264670234662874,2.7401797481962076,0.0,1.5605436858228963,0.0,0.0,0.5647449807850862,0.9593888888888888,40.228791379103434,0.9400555555555555,95.35888888888888,1.9333333333333313,52.4406,13.3737,6700,20.3,29.0,58.0,demo_seed_replace_with_official_aggregation,10.395598026172987,6.523879023145247,0.0,0.0,95.35888888888888,23.688818940410112,40.32258064516129,72.18045112781955,66.66666666666667,73.17073170731707,70.49819671129042,13.028850417225563,8.064516129032258,17.624549177822605,38.71791572408043,Moderate,Publish heat-safety guidance and verify cooling resources.,climate anomaly,2026-08-04T20:45:56.440844+00:00,demo
Charlottenburg-Wilmersdorf,2025-08-02,26.062544685168756,22.075681370283263,26.328509533213925,15.975974277256682,15.975974277256682,59.386626984126984,4.2279491495084605,656.2414285714285,1.0485714285714285,0,0,synthetic_demo_forecast,24,False,0,8,214,-0.8660254037844384,-0.5000000000000004,22.87,1.4000000000000021,27.7716,22.92,1.3100000000000023,27.882400000000004,10.74,1.3499999999999996,14.570400000000003,63.135,1.3266666666666609,66.60005,550.11,47.139999999999986,642.7468,1.5381013495445985,1.7549680791913513,2.616012049530946,0.0,1.5185546852244134,0.0,0.0,0.5726242070030687,0.9641666666666666,47.00673487537695,0.9543888888888888,96.12333333333332,0.9777777777777774,52.5079,13.2638,5300,22.1,34.0,53.0,demo_seed_replace_with_official_aggregation,11.458581584270869,0.0,0.0,0.0,96.12333333333332,23.235170221161468,29.032258064516128,85.71428571428572,55.55555555555556,60.97560975609756,68.97406116918313,12.779343621638809,5.806451612903226,17.243515292295783,35.829310526837816,Moderate,Publish heat-safety guidance and verify cooling resources.,climate anomaly,2026-08-04T20:45:56.440844+00:00,demo
Lichtenberg,2025-08-02,26.60727174706147,21.907047342786324,26.982849962400852,16.81430436701125,16.81430436701125,59.40160714285714,4.3414415039480545,669.0704761904761,1.3033333333333335,0,0,synthetic_demo_forecast,24,False,0,8,214,-0.8660254037844384,-0.5000000000000004,23.21,1.2100000000000009,29.260400000000004,23.35,1.3099999999999987,29.4452,11.12,1.1799999999999997,17.273600000000002,62.86375,1.3191666666666677,66.4736,537.78,52.25999999999999,654.5752,1.8937424800197264,1.8704761299269255,3.2548776925392473,0.0,1.6944931687286284,0.0,0.0,0.6193719105439425,0.983,62.075459403914046,0.9707222222222223,97.93166666666666,1.227777777777772,52.5322,13.5119,5500,18.6,32.0,52.0,demo_seed_replace_with_official_aggregation,14.484843039230396,7.402766972829543,0.0,0.0,97.93166666666666,25.766443442988404,30.64516129032258,59.39849624060152,53.333333333333336,65.85365853658536,58.88947979705362,14.171543893643623,6.129032258064516,14.722369949263404,35.022946100971545,Moderate,Publish heat-safety guidance and verify cooling resources.,climate anomaly,2026-08-04T20:45:56.440844+00:00,demo
Pankow,2025-08-02,27.517818890920683,22.239492873689304,27.805138551681612,17.07670571439168,17.07670571439168,59.19343253968254,4.247177193239703,660.1990476190476,0.8480952380952381,0,0,synthetic_demo_forecast,24,False,0,8,214,-0.8660254037844384,-0.5000000000000004,23.02,1.25,26.4356,23.08,1.2999999999999972,26.7812,10.75,1.2699999999999996,13.775200000000002,63.09458333333333,1.1216666666666697,66.75355,536.45,52.14000000000004,648.4684000000001,2.4269898237802154,2.451586377196829,3.360082316759811,0.0,1.6008360014015477,0.0,0.0,0.6536396098261116,0.9888888888888889,77.77178267708719,0.9786666666666667,98.58222222222221,1.0222222222222244,52.5929,13.4317,4100,16.0,35.0,48.0,demo_seed_replace_with_official_aggregation,19.543438282892684,9.78823376719708,0.0,0.0,98.58222222222221,28.024882908536448,19.35483870967742,39.84962406015038,44.44444444444444,58.53658536585366,46.12955152107912,15.413685599695048,3.870967741935484,11.53238788026978,30.81704122190031,Moderate,Publish heat-safety guidance and verify cooling resources.,climate anomaly,2026-08-04T20:45:56.440844+00:00,demo
Marzahn-Hellersdorf,2025-08-02,25.040790788848277,21.618313678407137,25.311394584190662,16.085222039472885,16.085222039472885,59.68172619047619,4.52787290666,659.167619047619,0.986904761904762,0,0,synthetic_demo_forecast,24,False,0,8,214,-0.8660254037844384,-0.5000000000000004,23.13,1.3000000000000007,29.3636,23.24,1.389999999999997,29.524800000000003,10.62,1.3099999999999987,16.514000000000003,63.31,1.1412499999999994,66.3952,546.13,52.58000000000004,652.3324,0.9913928695162744,1.0051341771701223,2.8139250107727456,0.0,1.450034794995332,0.0,0.0,0.5499954489965965,0.9458888888888889,40.37344769664459,0.9402777777777778,94.42055555555555,0.5611111111111122,52.5223,13.5754,4100,20.2,39.0,45.0,demo_seed_replace_with_official_aggregation,5.7821710491570935,0.7747458133898665,0.0,0.0,94.42055555555555,21.02408285032457,19.35483870967742,71.42857142857143,37.77777777777778,48.78048780487805,53.98877274487031,11.563245567678516,3.870967741935484,13.497193186217578,28.931406495831578,Moderate,Publish heat-safety guidance and verify cooling resources.,climate anomaly,2026-08-04T20:45:56.440844+00:00,demo
Steglitz-Zehlendorf,2025-08-02,25.31712532111198,21.13033177093588,25.580827125632386,16.29383604296472,16.29383604296472,60.35525793650794,4.465030016901456,665.1614285714286,1.885,0,0,synthetic_demo_forecast,24,False,0,8,214,-0.8660254037844384,-0.5000000000000004,22.62,1.2300000000000004,29.5196,22.59,1.2199999999999989,29.700400000000002,10.18,1.450000000000001,16.485600000000005,63.705000000000005,1.2437500000000057,67.11735,541.55,54.66999999999996,650.4988000000001,1.4790130945043691,1.6535125077303212,2.84394890754114,0.0,1.5250551735344773,0.0,0.0,0.5789141752947295,0.9675555555555555,49.85411848545235,0.9582777777777778,96.47722222222221,0.9277777777777718,52.4295,13.2588,3100,24.0,48.0,36.0,demo_seed_replace_with_official_aggregation,7.317362895066558,2.671236754224731,0.0,0.0,96.47722222222221,22.257206970851446,11.290322580645162,100.0,17.77777777777778,26.829268292682926,52.929539295392956,12.241463833968297,2.2580645161290325,13.232384823848239,27.731913173945568,Moderate,Publish heat-safety guidance and verify cooling resources.,climate anomaly,2026-08-04T20:45:56.440844+00:00,demo
Reinickendorf,2025-08-02,26.327576539764912,22.08292848795313,26.43931319144253,16.384739165400397,16.384739165400397,59.572876984126985,4.09018919144098,643.6166666666667,0.9864285714285714,0,0,synthetic_demo_forecast,24,False,0,8,214,-0.8660254037844384,-0.5000000000000004,22.6,1.2699999999999996,27.372000000000003,22.61,1.2699999999999996,27.47200000000001,10.4,1.2599999999999998,14.820000000000007,63.29125,1.2833333333333314,67.18086666666667,542.97,50.90999999999997,647.9484000000001,1.979697583711161,2.0337294195037936,3.2036914801113006,0.0,1.3334363904692152,0.0,0.0,0.6107947418739836,0.9801111111111112,64.05349284250943,0.9721111111111111,97.77111111111113,0.8000000000000007,52.6048,13.2953,3000,22.4,49.0,37.0,demo_seed_replace_with_official_aggregation,12.930980776471735,3.4976287763672462,0.0,0.0,97.77111111111113,24.60470981044242,10.483870967741936,87.96992481203007,20.0,24.390243902439025,48.28553090042179,13.532590395743332,2.0967741935483875,12.071382725105448,27.70074731439717,Moderate,Publish heat-safety guidance and verify cooling resources.,climate anomaly,2026-08-04T20:45:56.440844+00:00,demo
Spandau,2025-08-02,25.48677847262636,21.52444078859534,25.65140568406377,16.480124336663327,16.480124336663327,60.71511904761905,4.567498107286918,650.8890476190476,2.0240476190476193,0,0,synthetic_demo_forecast,24,False,0,8,214,-0.8660254037844384,-0.5000000000000004,22.76,1.2999999999999972,27.255200000000002,22.79,1.3300000000000018,27.636400000000002,10.6,1.3499999999999996,15.285200000000001,63.337916666666665,1.436249999999994,67.78,537.55,51.68999999999994,649.742,1.4147591407124507,1.4511215736953516,2.937844096039155,0.0,1.478934809574879,0.0,0.0,0.576324206315947,0.9662222222222222,46.798835599572236,0.9539444444444445,96.25388888888888,1.227777777777772,52.5389,13.2034,2700,21.0,45.0,39.0,demo_seed_replace_with_official_aggregation,8.25988040347977,4.364766696939332,0.0,0.0,96.25388888888888,22.796450923536597,8.064516129032258,77.44360902255639,24.444444444444443,34.14634146341463,48.06958453043177,12.538048007945129,1.6129032258064517,12.017396132607942,26.168347366359523,Moderate,Publish heat-safety guidance and verify cooling resources.,climate anomaly,2026-08-04T20:45:56.440844+00:00,demo
Treptow-Köpenick,2025-08-02,26.129013898606217,21.438562200772548,26.302922803661012,16.27501132890982,16.27501132890982,60.07785714285714,4.193166081722329,659.4628571428572,1.4726190476190477,0,0,synthetic_demo_forecast,24,False,0,8,214,-0.8660254037844384,-0.5000000000000004,22.29,1.3000000000000007,25.5676,22.33,1.3299999999999983,25.674000000000003,9.91,1.2400000000000002,13.5076,63.57708333333333,1.42916666666666,66.88658333333333,538.04,48.780000000000086,657.4008000000001,1.9918303077785473,2.0148118189347404,3.462210746220577,0.0,1.6789379895880225,0.0,0.0,0.6263030321137752,0.9843888888888889,71.76907641763162,0.9764444444444444,98.20055555555555,0.7944444444444421,52.4349,13.5808,1700,21.7,59.0,28.0,demo_seed_replace_with_official_aggregation,11.827854992256764,2.500102990089268,0.0,0.0,98.20055555555555,24.15487580691437,0.0,82.70676691729322,0.0,0.0,33.08270676691729,13.285181693802905,0.0,8.270676691729323,21.555858385532225,Low,Routine monitoring.,climate anomaly,2026-08-04T20:45:56.440844+00:00,demo
Friedrichshain-Kreuzberg,2025-08-03,35.51828039169239,30.64277045278183,36.045285743562275,26.316351458127418,26.316351458127418,47.03769154855075,4.583918132561785,659.5557142857143,1.418095238095238,13,1,synthetic_demo_forecast,24,True,1,8,215,-0.8660254037844384,-0.5000000000000004,23.85,1.1699999999999982,28.070400000000003,23.94,1.1799999999999997,28.3036,11.35,1.1899999999999995,15.4244,62.49625,1.1541666666666686,66.26733333333333,544.1,54.049999999999955,639.7536,6.726621626648272,6.919409639708915,8.0,0.0,1.4407735876870358,0.08333333333333333,0.2,0.7859805664699008,0.9987777777777778,14008.448895260031,0.9957777777777778,99.78777777777776,0.30000000000000027,52.4996,13.4314,14100,10.7,18.0,73.0,demo_seed_replace_with_official_aggregation,63.99044662051329,93.78501325570379,20.0,8.333333333333334,99.78777777777776,60.671963861090774,100.0,0.0,100.0,100.0,60.0,33.36958012359993,20.0,15.0,68.36958012359993,Very High,Activate cooling measures and increase outreach to vulnerable groups.,population exposure,2026-08-04T20:45:56.440844+00:00,demo
Mitte,2025-08-03,34.70666418117346,30.474575672564985,35.18169493766578,26.592209373427607,26.592209373427607,47.490409802519,4.067236555765887,657.2471428571429,1.227142857142857,13,0,synthetic_demo_forecast,24,True,1,8,215,-0.8660254037844384,-0.5000000000000004,23.36,1.3200000000000003,29.20200000000001,23.46,1.3599999999999994,29.34680000000001,11.25,1.2599999999999998,16.2616,62.77333333333333,1.1225000000000023,66.10768333333333,537.68,49.65000000000009,643.0228000000001,5.797894046276943,5.813363912396439,8.0,0.0,1.6243088216346573,0.0,0.2,0.7809160191400235,0.9982777777777778,13926.895626397696,0.9957777777777778,99.75277777777777,0.2500000000000058,52.52,13.405,9800,15.2,22.0,67.0,demo_seed_replace_with_official_aggregation,59.481467673185875,96.29281248570554,20.0,0.0,99.75277777777777,58.21299111402644,65.3225806451613,33.83458646616541,86.66666666666667,90.2439024390244,66.4281435295556,32.017145112714545,13.06451612903226,16.6070358823889,61.6886971241357,High,Target warnings; review outdoor work and event schedules.,climate anomaly,2026-08-04T20:45:56.440844+00:00,demo
Tempelhof-Schöneberg,2025-08-03,34.14956896353871,30.440804089592135,34.89429407725755,25.71633551593469,25.71633551593469,47.41721535807455,4.601978658525754,648.8204761904761,1.1357142857142857,13,0,synthetic_demo_forecast,24,True,1,8,215,-0.8660254037844384,-0.5000000000000004,23.35,1.3099999999999987,29.068800000000003,23.49,1.3699999999999974,29.3016,11.03,1.4000000000000004,17.6908,63.09458333333333,1.34375,66.0773,544.59,45.049999999999955,668.344,5.560465245982518,5.614664944134231,7.0755697114792016,0.0,1.5605436858228963,0.0,0.2,0.7743901722208273,0.9976111111111111,13833.752928904962,0.9957777777777778,99.70611111111111,0.18333333333333535,52.4406,13.3737,6700,20.3,29.0,58.0,demo_seed_replace_with_official_aggregation,56.386494241881735,88.33032287213356,20.0,0.0,99.70611111111111,55.926043637700865,40.32258064516129,72.18045112781955,66.66666666666667,73.17073170731707,70.49819671129042,30.75932400073548,8.064516129032258,17.624549177822605,56.44838930759035,High,Target warnings; review outdoor work and event schedules.,climate anomaly,2026-08-04T20:45:56.440844+00:00,demo
Neukölln,2025-08-03,34.59884393864903,30.28474827617575,35.16981787783156,26.295572044073463,26.295572044073463,47.82872329458249,4.692363572776043,657.1914285714286,1.5738095238095238,12,0,synthetic_demo_forecast,24,True,1,8,215,-0.8660254037844384,-0.5000000000000004,23.2,1.1799999999999997,29.058000000000014,23.27,1.1799999999999997,28.894400000000008,11.17,1.1899999999999995,16.2056,62.46333333333333,1.1300000000000026,66.12825000000001,545.87,55.24000000000001,652.9196000000001,6.51560585197845,6.801963727162524,8.0,0.0,1.359255519608298,0.0,0.2,0.7770671395813175,0.9978333333333333,14009.013896089491,0.9957777777777778,99.72166666666666,0.20555555555555882,52.4408,13.4445,7200,15.0,24.0,64.0,demo_seed_replace_with_official_aggregation,58.88246632582796,93.59610949157694,20.0,0.0,99.72166666666666,57.59261297110966,44.354838709677416,32.330827067669176,80.0,85.36585365853658,62.27379424170182,31.675937134110317,8.870967741935484,15.568448560425455,56.11535343647125,High,Target warnings; review outdoor work and event schedules.,climate anomaly,2026-08-04T20:45:56.440844+00:00,demo
Charlottenburg-Wilmersdorf,2025-08-03,34.302492575908275,29.94390477070348,35.09738472478466,25.8364467737462,25.8364467737462,47.92481456442375,4.659910501978904,656.2414285714285,1.0485714285714285,12,0,synthetic_demo_forecast,24,True,1,8,215,-0.8660254037844384,-0.5000000000000004,22.87,1.4000000000000021,27.7716,22.92,1.3100000000000023,27.882400000000004,10.74,1.3499999999999996,14.570400000000003,63.135,1.3266666666666609,66.60005,550.11,47.139999999999986,642.7468,5.507936143024926,6.269872878976091,7.54252877764598,0.0,1.5185546852244134,0.0,0.2,0.7742404890337926,0.9976111111111111,13984.597814554381,0.9957777777777778,99.70611111111111,0.18333333333333535,52.5079,13.2638,5300,22.1,34.0,53.0,demo_seed_replace_with_official_aggregation,57.23606986615708,89.42224339769272,20.0,0.0,99.70611111111111,56.387183185031105,29.032258064516128,85.71428571428572,55.55555555555556,60.97560975609756,68.97406116918313,31.01295075176711,5.806451612903226,17.243515292295783,54.06291765696612,High,Target warnings; review outdoor work and event schedules.,climate anomaly,2026-08-04T20:45:56.440844+00:00,demo
Lichtenberg,2025-08-03,34.03489924453116,30.018342364074826,34.723040132511194,25.974783705983672,25.974783705983672,47.939794723153916,4.191464879217896,669.0704761904761,1.3033333333333335,12,0,synthetic_demo_forecast,24,True,1,8,215,-0.8660254037844384,-0.5000000000000004,23.21,1.2100000000000009,29.260400000000004,23.35,1.3099999999999987,29.4452,11.12,1.1799999999999997,17.273600000000002,62.86375,1.3191666666666677,66.4736,537.78,52.25999999999999,654.5752,6.03412769644747,5.855733188194869,8.0,0.0,1.6944931687286284,0.0,0.2,0.7810669929010279,0.9982777777777778,13925.889542833364,0.9957777777777778,99.75277777777777,0.2500000000000058,52.5322,13.5119,5500,18.6,32.0,52.0,demo_seed_replace_with_official_aggregation,55.74944024739534,90.67985187257884,20.0,0.0,99.75277777777777,56.064837423030745,30.64516129032258,59.39849624060152,53.333333333333336,65.85365853658536,58.88947979705362,30.83566058266691,6.129032258064516,14.722369949263404,51.68706278999483,High,Target warnings; review outdoor work and event schedules.,climate anomaly,2026-08-04T20:45:56.440844+00:00,demo
Marzahn-Hellersdorf,2025-08-03,33.88664500566084,29.671816446404108,34.63761814728323,25.94616410259504,25.94616410259504,48.21991377077296,4.702226480558605,659.167619047619,0.986904761904762,12,0,synthetic_demo_forecast,24,True,1,8,215,-0.8660254037844384,-0.5000000000000004,23.13,1.3000000000000007,29.3636,23.24,1.389999999999997,29.524800000000003,10.62,1.3099999999999987,16.514000000000003,63.31,1.1412499999999994,66.3952,546.13,52.58000000000004,652.3324,5.5809674302217696,5.530638935528997,7.891111500322343,0.0,1.450034794995332,0.0,0.2,0.7715511337126373,0.9973333333333333,13905.272821280994,0.9957777777777778,99.68666666666665,0.15555555555555323,52.5223,13.5754,4100,20.2,39.0,45.0,demo_seed_replace_with_official_aggregation,54.92580558700466,90.41967365995492,20.0,0.0,99.68666666666665,55.72431633777819,19.35483870967742,71.42857142857143,37.77777777777778,48.78048780487805,53.98877274487031,30.648373985778008,3.870967741935484,13.497193186217578,48.016534913931075,High,Target warnings; review outdoor work and event schedules.,climate anomaly,2026-08-04T20:45:56.440844+00:00,demo
Pankow,2025-08-03,34.8877488576473,30.439183752003917,35.535478011916275,26.024808126325993,26.024808126325993,47.73162011997931,4.262919302960048,660.1990476190476,0.8480952380952381,12,0,synthetic_demo_forecast,24,True,1,8,215,-0.8660254037844384,-0.5000000000000004,23.02,1.25,26.4356,23.08,1.2999999999999972,26.7812,10.75,1.2699999999999996,13.775200000000002,63.09458333333333,1.1216666666666697,66.75355,536.45,52.14000000000004,648.4684000000001,6.4037495522176195,6.462388326078046,8.0,0.0,1.6008360014015477,0.0,0.2,0.7813654535459614,0.9982777777777778,13966.23445806032,0.9957777777777778,99.75277777777777,0.2500000000000058,52.5929,13.4317,4100,16.0,35.0,48.0,demo_seed_replace_with_official_aggregation,60.487493653596125,91.1346193302363,20.0,0.0,99.75277777777777,57.79137123384964,19.35483870967742,39.84962406015038,44.44444444444444,58.53658536585366,46.12955152107912,31.785254178617304,3.870967741935484,11.53238788026978,47.18860980082257,High,Target warnings; review outdoor work and event schedules.,climate anomaly,2026-08-04T20:45:56.440844+00:00,demo
Reinickendorf,2025-08-03,34.6342534046027,30.01957758516684,35.15504167972931,25.69365614807168,25.69365614807168,48.11106456442375,4.251390783107279,643.6166666666667,0.9864285714285714,12,0,synthetic_demo_forecast,24,True,1,8,215,-0.8660254037844384,-0.5000000000000004,22.6,1.2699999999999996,27.372000000000003,22.61,1.2699999999999996,27.47200000000001,10.4,1.2599999999999998,14.820000000000007,63.29125,1.2833333333333314,67.18086666666667,542.97,50.90999999999997,647.9484000000001,6.3913328492947095,6.662609992304068,8.0,0.0,1.3334363904692152,0.0,0.2,0.7766166248055438,0.9978333333333333,13999.011791283754,0.9957777777777778,99.72166666666666,0.20555555555555882,52.6048,13.2953,3000,22.4,49.0,37.0,demo_seed_replace_with_official_aggregation,59.079185581126126,88.12414680065162,20.0,0.0,99.72166666666666,56.84067030682522,10.483870967741936,87.96992481203007,20.0,24.390243902439025,48.28553090042179,31.262368668753872,2.0967741935483875,12.071382725105448,45.4305255874077,High,Target warnings; review outdoor work and event schedules.,climate anomaly,2026-08-04T20:45:56.440844+00:00,demo
Spandau,2025-08-03,34.61551592838873,29.797920117089706,35.31643523585263,25.395459949878866,25.395459949878866,49.25330662791581,4.802244816369694,650.8890476190476,2.0240476190476193,13,0,synthetic_demo_forecast,24,True,1,8,215,-0.8660254037844384,-0.5000000000000004,22.76,1.2999999999999972,27.255200000000002,22.79,1.3300000000000018,27.636400000000002,10.6,1.3499999999999996,15.285200000000001,63.337916666666665,1.436249999999994,67.78,537.55,51.68999999999994,649.742,6.151104571173695,6.352605124635047,7.392148902518035,0.0,1.478934809574879,0.0,0.2,0.7779689533144147,0.9978888888888889,13912.706380732256,0.9957777777777778,99.72555555555556,0.21111111111111747,52.5389,13.2034,2700,21.0,45.0,39.0,demo_seed_replace_with_official_aggregation,58.97508849104851,85.41327227162606,20.0,0.0,99.72555555555556,56.398382923722,8.064516129032258,77.44360902255639,24.444444444444443,34.14634146341463,48.06958453043177,31.0191106080471,1.6129032258064517,12.017396132607942,44.64940996646149,Moderate,Publish heat-safety guidance and verify cooling resources.,climate anomaly,2026-08-04T20:45:56.440844+00:00,demo
Steglitz-Zehlendorf,2025-08-03,32.79914909147915,29.060529621357805,33.33249674066819,25.09711891200837,25.09711891200837,48.89344551680471,4.498257706399742,665.1614285714286,1.885,10,0,synthetic_demo_forecast,24,True,1,8,215,-0.8660254037844384,-0.5000000000000004,22.62,1.2300000000000004,29.5196,22.59,1.2199999999999989,29.700400000000002,10.18,1.450000000000001,16.485600000000005,63.705000000000005,1.2437500000000057,67.11735,541.55,54.66999999999996,650.4988000000001,5.581904066290458,5.93911047974438,6.938937147698758,0.0,1.5250551735344773,0.0,0.2,0.7742404890337926,0.9976111111111111,13859.256695799028,0.9957777777777778,99.70611111111111,0.18333333333333535,52.4295,13.2588,3100,24.0,48.0,36.0,demo_seed_replace_with_official_aggregation,48.884161619328616,82.70108101825791,20.0,0.0,99.70611111111111,52.455840941725924,11.290322580645162,100.0,17.77777777777778,26.829268292682926,52.929539295392956,28.850712517949262,2.2580645161290325,13.232384823848239,44.34116185792654,Moderate,Publish heat-safety guidance and verify cooling resources.,climate anomaly,2026-08-04T20:45:56.440844+00:00,demo
Treptow-Köpenick,2025-08-03,33.5717104572441,29.462988839342717,34.09251770043156,24.715112840403787,24.715112840403787,48.61604472315391,4.310612836175445,659.4628571428572,1.4726190476190477,11,0,synthetic_demo_forecast,24,True,1,8,215,-0.8660254037844384,-0.5000000000000004,22.29,1.3000000000000007,25.5676,22.33,1.3299999999999983,25.674000000000003,9.91,1.2400000000000002,13.5076,63.57708333333333,1.42916666666666,66.88658333333333,538.04,48.780000000000086,657.4008000000001,5.853391888078167,5.965195110617283,8.0,0.0,1.6789379895880225,0.0,0.2,0.7809160191400235,0.9982777777777778,13936.985731747985,0.9957777777777778,99.75277777777777,0.2500000000000058,52.4349,13.5808,1700,21.7,59.0,28.0,demo_seed_replace_with_official_aggregation,53.17616920691168,79.22829854912533,20.0,0.0,99.75277777777777,53.446459560343435,0.0,82.70676691729322,0.0,0.0,33.08270676691729,29.39555275818889,0.0,8.270676691729323,37.66622944991821,Moderate,Publish heat-safety guidance and verify cooling resources.,climate anomaly,2026-08-04T20:45:56.440844+00:00,demo
Friedrichshain-Kreuzberg,2025-08-04,39.005308066207895,35.105632574175424,40.00541136498451,30.99047323523006,30.99047323523006,39.95390190049847,4.512694054519342,659.5557142857143,1.418095238095238,24,11,synthetic_demo_forecast,24,True,2,8,216,-0.8660254037844384,-0.5000000000000004,23.85,1.1699999999999982,28.070400000000003,23.94,1.1799999999999997,28.3036,11.35,1.1899999999999995,15.4244,62.49625,1.1541666666666686,66.26733333333333,544.1,54.049999999999955,639.7536,8.0,8.0,8.0,0.0,1.4407735876870358,0.9166666666666666,0.4,0.7993651588424994,0.9994444444444445,54337.258097807346,0.9976666666666667,99.89111111111112,0.1777777777777767,52.4996,13.4314,14100,10.7,18.0,73.0,demo_seed_replace_with_official_aggregation,83.36282259004386,100.0,40.0,91.66666666666667,99.89111111111112,83.90521012873758,100.0,0.0,100.0,100.0,60.0,46.14786557080567,20.0,15.0,81.14786557080566,Very High,Activate cooling measures and increase outreach to vulnerable groups.,warm nights,2026-08-04T20:45:56.440844+00:00,demo
Mitte,2025-08-04,39.29655304261313,34.99770950086224,40.08426018655589,30.901224047484458,30.901224047484458,40.40662015446673,4.353944746696572,657.2471428571429,1.227142857142857,24,13,synthetic_demo_forecast,24,True,2,8,216,-0.8660254037844384,-0.5000000000000004,23.36,1.3200000000000003,29.20200000000001,23.46,1.3599999999999994,29.34680000000001,11.25,1.2599999999999998,16.2616,62.77333333333333,1.1225000000000023,66.10768333333333,537.68,49.65000000000009,643.0228000000001,8.0,8.0,8.0,0.0,1.6243088216346573,1.0833333333333333,0.4,0.8013045687895852,0.9996111111111111,54332.314232838726,0.9976666666666667,99.90277777777777,0.19444444444444153,52.52,13.405,9800,15.2,22.0,67.0,demo_seed_replace_with_official_aggregation,84.9808502367396,100.0,40.0,100.0,99.90277777777777,85.72385313841441,65.3225806451613,33.83458646616541,86.66666666666667,90.2439024390244,66.4281435295556,47.14811922612793,13.06451612903226,16.6070358823889,76.81967123754909,Very High,Activate cooling measures and increase outreach to vulnerable groups.,warm nights,2026-08-04T20:45:56.440844+00:00,demo
Tempelhof-Schöneberg,2025-08-04,38.7555783720422,35.03738407296424,39.79136055521491,30.619279014771077,30.619279014771077,40.33342571002228,4.498536769449674,648.8204761904761,1.1357142857142857,24,12,synthetic_demo_forecast,24,True,2,8,216,-0.8660254037844384,-0.5000000000000004,23.35,1.3099999999999987,29.068800000000003,23.49,1.3699999999999974,29.3016,11.03,1.4000000000000004,17.6908,63.09458333333333,1.34375,66.0773,544.59,45.049999999999955,668.344,7.932000195675544,8.0,8.0,0.0,1.5605436858228963,1.0,0.4,0.8006023198538132,0.9995,54337.09998202042,0.9976666666666667,99.895,0.18333333333333535,52.4406,13.3737,6700,20.3,29.0,58.0,demo_seed_replace_with_official_aggregation,81.97543540023445,100.0,40.0,100.0,99.895,84.67040239008206,40.32258064516129,72.18045112781955,66.66666666666667,73.17073170731707,70.49819671129042,46.56872131454514,8.064516129032258,17.624549177822605,72.2577866214,Very High,Activate cooling measures and increase outreach to vulnerable groups.,warm nights,2026-08-04T20:45:56.440844+00:00,demo
Neukölln,2025-08-04,39.27388376094159,34.83740211021276,40.14210857629719,30.886159088713097,30.886159088713097,40.74493364653022,4.425872199454461,657.1914285714286,1.5738095238095238,24,12,synthetic_demo_forecast,24,True,2,8,216,-0.8660254037844384,-0.5000000000000004,23.2,1.1799999999999997,29.058000000000014,23.27,1.1799999999999997,28.894400000000008,11.17,1.1899999999999995,16.2056,62.46333333333333,1.1300000000000026,66.12825000000001,545.87,55.24000000000001,652.9196000000001,8.0,8.0,8.0,0.0,1.359255519608298,1.0,0.4,0.7989017165001926,0.9993888888888889,54339.61440758811,0.9976666666666667,99.88722222222222,0.17222222222221806,52.4408,13.4445,7200,15.0,24.0,64.0,demo_seed_replace_with_official_aggregation,84.85490978300882,100.0,40.0,100.0,99.88722222222222,85.67666286849753,44.354838709677416,32.330827067669176,80.0,85.36585365853658,62.27379424170182,47.122164577673644,8.870967741935484,15.568448560425455,71.56158088003458,Very High,Activate cooling measures and increase outreach to vulnerable groups.,warm nights,2026-08-04T20:45:56.440844+00:00,demo
Charlottenburg-Wilmersdorf,2025-08-04,38.466599762037234,34.57844502729666,39.25337791970951,29.877812326040587,29.877812326040587,40.84102491637149,4.503382104183503,656.2414285714285,1.0485714285714285,23,10,synthetic_demo_forecast,24,True,2,8,216,-0.8660254037844384,-0.5000000000000004,22.87,1.4000000000000021,27.7716,22.92,1.3100000000000023,27.882400000000004,10.74,1.3499999999999996,14.570400000000003,63.135,1.3266666666666609,66.60005,550.11,47.139999999999986,642.7468,7.514116013392115,8.0,8.0,0.0,1.5185546852244134,0.8333333333333334,0.4,0.7998288700273937,0.9995,54376.96644801902,0.9976666666666667,99.895,0.18333333333333535,52.5079,13.2638,5300,22.1,34.0,53.0,demo_seed_replace_with_official_aggregation,80.36999867798463,100.0,40.0,83.33333333333333,99.895,81.60849953729462,29.032258064516128,85.71428571428572,55.55555555555556,60.97560975609756,68.97406116918313,44.884674745512044,5.806451612903226,17.243515292295783,67.93464165071106,Very High,Activate cooling measures and increase outreach to vulnerable groups.,warm nights,2026-08-04T20:45:56.440844+00:00,demo
Lichtenberg,2025-08-04,39.353515384360456,34.53738132217388,40.157294359910786,31.18239830426597,31.18239830426597,40.85600507510165,4.328095635328547,669.0704761904761,1.3033333333333335,24,10,synthetic_demo_forecast,24,True,2,8,216,-0.8660254037844384,-0.5000000000000004,23.21,1.2100000000000009,29.260400000000004,23.35,1.3099999999999987,29.4452,11.12,1.1799999999999997,17.273600000000002,62.86375,1.3191666666666677,66.4736,537.78,52.25999999999999,654.5752,8.0,8.0,8.0,0.0,1.6944931687286284,0.8333333333333334,0.4,0.8014594842497564,0.9996111111111111,54330.55593615176,0.9976666666666667,99.90277777777777,0.19444444444444153,52.5322,13.5119,5500,18.6,32.0,52.0,demo_seed_replace_with_official_aggregation,85.29730769089142,100.0,40.0,83.33333333333333,99.90277777777777,83.33461324736754,30.64516129032258,59.39849624060152,53.333333333333336,65.85365853658536,58.88947979705362,45.83403728605215,6.129032258064516,14.722369949263404,66.68543949338007,Very High,Activate cooling measures and increase outreach to vulnerable groups.,warm nights,2026-08-04T20:45:56.440844+00:00,demo
Marzahn-Hellersdorf,2025-08-04,37.88932493347668,34.26080048421709,38.69839436363355,30.193463170802424,30.193463170802424,41.136124122720695,4.559113959963152,659.167619047619,0.986904761904762,24,11,synthetic_demo_forecast,24,True,2,8,216,-0.8660254037844384,-0.5000000000000004,23.13,1.3000000000000007,29.3636,23.24,1.389999999999997,29.524800000000003,10.62,1.3099999999999987,16.514000000000003,63.31,1.1412499999999994,66.3952,546.13,52.58000000000004,652.3324,7.65771406441733,7.501110902601392,8.0,0.0,1.450034794995332,0.9166666666666666,0.4,0.7987472954352787,0.9993888888888889,54300.64454278189,0.9976666666666667,99.88722222222222,0.17222222222221806,52.5223,13.5754,4100,20.2,39.0,45.0,demo_seed_replace_with_official_aggregation,77.16291629709266,100.0,40.0,91.66666666666667,99.88722222222222,81.73446514842688,19.35483870967742,71.42857142857143,37.77777777777778,48.78048780487805,53.98877274487031,44.95395583163479,3.870967741935484,13.497193186217578,62.32211675978785,High,Target warnings; review outdoor work and event schedules.,warm nights,2026-08-04T20:45:56.440844+00:00,demo
Pankow,2025-08-04,39.27748939100777,34.83089291071824,40.033273555839884,31.332224128049237,31.332224128049237,40.647830471927044,4.323963931359806,660.1990476190476,0.8480952380952381,24,11,synthetic_demo_forecast,24,True,2,8,216,-0.8660254037844384,-0.5000000000000004,23.02,1.25,26.4356,23.08,1.2999999999999972,26.7812,10.75,1.2699999999999996,13.775200000000002,63.09458333333333,1.1216666666666697,66.75355,536.45,52.14000000000004,648.4684000000001,8.0,8.0,8.0,0.0,1.6008360014015477,0.9166666666666666,0.4,0.8013045687895852,0.9996111111111111,54332.91861383613,0.9976666666666667,99.90277777777777,0.19444444444444153,52.5929,13.4317,4100,16.0,35.0,48.0,demo_seed_replace_with_official_aggregation,84.87494106115427,100.0,40.0,91.66666666666667,99.90277777777777,84.43678492695955,19.35483870967742,39.84962406015038,44.44444444444444,58.53658536585366,46.12955152107912,46.440231709827756,3.870967741935484,11.53238788026978,61.843587332033024,High,Target warnings; review outdoor work and event schedules.,warm nights,2026-08-04T20:45:56.440844+00:00,demo
Reinickendorf,2025-08-04,38.46993120370993,34.556569004073516,39.276549830120295,30.61922564935143,30.61922564935143,41.02727491637149,4.1776783637899255,643.6166666666667,0.9864285714285714,24,11,synthetic_demo_forecast,24,True,2,8,216,-0.8660254037844384,-0.5000000000000004,22.6,1.2699999999999996,27.372000000000003,22.61,1.2699999999999996,27.47200000000001,10.4,1.2599999999999998,14.820000000000007,63.29125,1.2833333333333314,67.18086666666667,542.97,50.90999999999997,647.9484000000001,8.0,8.0,8.0,0.0,1.3334363904692152,0.9166666666666666,0.4,0.7984385428446084,0.9993888888888889,54340.38130130053,0.9976666666666667,99.88722222222222,0.17222222222221806,52.6048,13.2953,3000,22.4,49.0,37.0,demo_seed_replace_with_official_aggregation,80.38850668727741,100.0,40.0,91.66666666666667,99.88722222222222,82.86342178499154,10.483870967741936,87.96992481203007,20.0,24.390243902439025,48.28553090042179,45.57488198174536,2.0967741935483875,12.071382725105448,59.743038900399185,High,Target warnings; review outdoor work and event schedules.,warm nights,2026-08-04T20:45:56.440844+00:00,demo
Spandau,2025-08-04,38.40118383455216,34.274228732180696,39.36648901852739,29.6503695538308,29.6503695538308,42.16951697986355,4.572724475040528,650.8890476190476,2.0240476190476193,23,11,synthetic_demo_forecast,24,True,2,8,216,-0.8660254037844384,-0.5000000000000004,22.76,1.2999999999999972,27.255200000000002,22.79,1.3300000000000018,27.636400000000002,10.6,1.3499999999999996,15.285200000000001,63.337916666666665,1.436249999999994,67.78,537.55,51.68999999999994,649.742,8.0,8.0,8.0,0.0,1.478934809574879,0.9166666666666666,0.4,0.7999835001921083,0.9995,54336.188952616976,0.9976666666666667,99.895,0.18333333333333535,52.5389,13.2034,2700,21.0,45.0,39.0,demo_seed_replace_with_official_aggregation,80.00657685862309,100.0,40.0,91.66666666666667,99.895,82.73130190051808,8.064516129032258,77.44360902255639,24.444444444444443,34.14634146341463,48.06958453043177,45.502216045284946,1.6129032258064517,12.017396132607942,59.13251540369934,High,Target warnings; review outdoor work and event schedules.,warm nights,2026-08-04T20:45:56.440844+00:00,demo
Steglitz-Zehlendorf,2025-08-04,37.684267482837924,33.631637687211175,38.432299162832095,29.49027843399776,29.49027843399776,41.809655868752436,4.438844289807994,665.1614285714286,1.885,21,8,synthetic_demo_forecast,24,True,2,8,216,-0.8660254037844384,-0.5000000000000004,22.62,1.2300000000000004,29.5196,22.59,1.2199999999999989,29.700400000000002,10.18,1.450000000000001,16.485600000000005,63.705000000000005,1.2437500000000057,67.11735,541.55,54.66999999999996,650.4988000000001,8.0,8.0,8.0,0.0,1.5250551735344773,0.6666666666666666,0.4,0.7998288700273937,0.9995,54334.925688530995,0.9976666666666667,99.895,0.18333333333333535,52.4295,13.2588,3100,24.0,48.0,36.0,demo_seed_replace_with_official_aggregation,76.02370823798847,100.0,40.0,66.66666666666667,99.895,77.58729788329596,11.290322580645162,100.0,17.77777777777778,26.829268292682926,52.929539295392956,42.67301383581278,2.2580645161290325,13.232384823848239,58.163463175790056,High,Target warnings; review outdoor work and event schedules.,warm nights,2026-08-04T20:45:56.440844+00:00,demo
Treptow-Köpenick,2025-08-04,39.08507240615532,34.104208505627476,39.85892781142643,29.949317646953457,29.949317646953457,41.532255075101645,4.354221144031265,659.4628571428572,1.4726190476190477,23,10,synthetic_demo_forecast,24,True,2,8,216,-0.8660254037844384,-0.5000000000000004,22.29,1.3000000000000007,25.5676,22.33,1.3299999999999983,25.674000000000003,9.91,1.2400000000000002,13.5076,63.57708333333333,1.42916666666666,66.88658333333333,538.04,48.780000000000086,657.4008000000001,8.0,8.0,8.0,0.0,1.6789379895880225,0.8333333333333334,0.4,0.8013045687895852,0.9996111111111111,54330.93932197238,0.9976666666666667,99.90277777777777,0.19444444444444153,52.4349,13.5808,1700,21.7,59.0,28.0,demo_seed_replace_with_official_aggregation,83.805957811974,100.0,40.0,83.33333333333333,99.90277777777777,82.81264078974645,0.0,82.70676691729322,0.0,0.0,33.08270676691729,45.546952434360556,0.0,8.270676691729323,53.81762912608988,High,Target warnings; review outdoor work and event schedules.,warm nights,2026-08-04T20:45:56.440844+00:00,demo
Friedrichshain-Kreuzberg,2025-08-05,38.77122028305366,34.68760892339122,39.670325483236894,30.911786162126592,30.911786162126592,39.95390190049847,4.409792035961826,659.5557142857143,1.418095238095238,24,12,synthetic_demo_forecast,24,True,3,8,217,-0.8660254037844384,-0.5000000000000004,23.85,1.1699999999999982,28.070400000000003,23.94,1.1799999999999997,28.3036,11.35,1.1899999999999995,15.4244,62.49625,1.1541666666666686,66.26733333333333,544.1,54.049999999999955,639.7536,8.0,8.0,8.0,0.0,1.4407735876870358,1.0,0.6,0.8121311432954237,0.9998888888888889,121493.70811740933,0.9993333333333333,99.97222222222221,0.05555555555556424,52.4996,13.4314,14100,10.7,18.0,73.0,demo_seed_replace_with_official_aggregation,82.06233490585366,100.0,60.0,100.0,99.97222222222221,87.71626166149322,100.0,0.0,100.0,100.0,60.0,48.243943913821276,20.0,15.0,83.24394391382128,Extreme,Escalate emergency heat plan; prioritize medical and cooling capacity.,warm nights,2026-08-04T20:45:56.440844+00:00,demo
Mitte,2025-08-05,38.21975375586961,34.693183126564435,39.179842246515754,30.258266467463425,30.258266467463425,40.40662015446673,4.362480431315382,657.2471428571429,1.227142857142857,24,12,synthetic_demo_forecast,24,True,3,8,217,-0.8660254037844384,-0.5000000000000004,23.36,1.3200000000000003,29.20200000000001,23.46,1.3599999999999994,29.34680000000001,11.25,1.2599999999999998,16.2616,62.77333333333333,1.1225000000000023,66.10768333333333,537.68,49.65000000000009,643.0228000000001,7.5930049972967275,7.796241423312266,8.0,0.0,1.6243088216346573,1.0,0.6,0.8134722721439349,1.0,121497.09957851864,0.9993333333333333,99.97999999999999,0.06666666666667043,52.52,13.405,9800,15.2,22.0,67.0,demo_seed_replace_with_official_aggregation,78.99863197705339,100.0,60.0,100.0,99.97999999999999,86.64552119196868,65.3225806451613,33.83458646616541,86.66666666666667,90.2439024390244,66.4281435295556,47.65503665558278,13.06451612903226,16.6070358823889,77.32658866700393,Very High,Activate cooling measures and increase outreach to vulnerable groups.,warm nights,2026-08-04T20:45:56.440844+00:00,demo
Tempelhof-Schöneberg,2025-08-05,38.930710816196004,34.61756552245243,39.72800311147424,30.141427892536633,30.141427892536633,40.33342571002228,4.565483586914085,648.8204761904761,1.1357142857142857,24,11,synthetic_demo_forecast,24,True,3,8,217,-0.8660254037844384,-0.5000000000000004,23.35,1.3099999999999987,29.068800000000003,23.49,1.3699999999999974,29.3016,11.03,1.4000000000000004,17.6908,63.09458333333333,1.34375,66.0773,544.59,45.049999999999955,668.344,8.0,7.99444018324204,8.0,0.0,1.5605436858228963,0.9166666666666666,0.6,0.813073650037498,0.9999444444444444,121490.8702051725,0.9993333333333333,99.9761111111111,0.06111111111111178,52.4406,13.3737,6700,20.3,29.0,58.0,demo_seed_replace_with_official_aggregation,82.94839342331113,100.0,60.0,91.66666666666667,99.9761111111111,86.77715992038112,40.32258064516129,72.18045112781955,66.66666666666667,73.17073170731707,70.49819671129042,47.72743795620962,8.064516129032258,17.624549177822605,73.41650326306448,Very High,Activate cooling measures and increase outreach to vulnerable groups.,warm nights,2026-08-04T20:45:56.440844+00:00,demo
Neukölln,2025-08-05,39.43712858691845,34.62681046679348,40.26338643625411,30.425934606104573,30.425934606104573,40.74493364653022,4.599340515535486,657.1914285714286,1.5738095238095238,24,11,synthetic_demo_forecast,24,True,3,8,217,-0.8660254037844384,-0.5000000000000004,23.2,1.1799999999999997,29.058000000000014,23.27,1.1799999999999997,28.894400000000008,11.17,1.1899999999999995,16.2056,62.46333333333333,1.1300000000000026,66.12825000000001,545.87,55.24000000000001,652.9196000000001,8.0,8.0,8.0,0.0,1.359255519608298,0.9166666666666666,0.6,0.811660299707677,0.9998888888888889,121495.37099073998,0.9993333333333333,99.97222222222221,0.05555555555556424,52.4408,13.4445,7200,15.0,24.0,64.0,demo_seed_replace_with_official_aggregation,85.76182548288027,100.0,60.0,91.66666666666667,99.97222222222221,87.76108336345253,44.354838709677416,32.330827067669176,80.0,85.36585365853658,62.27379424170182,48.268595849898894,8.870967741935484,15.568448560425455,72.70801215225983,Very High,Activate cooling measures and increase outreach to vulnerable groups.,warm nights,2026-08-04T20:45:56.440844+00:00,demo
Charlottenburg-Wilmersdorf,2025-08-05,38.28633338199396,34.34177602831458,39.05160114787251,29.602412465457558,29.602412465457558,40.84102491637149,4.3384668755883755,656.2414285714285,1.0485714285714285,23,11,synthetic_demo_forecast,24,True,3,8,217,-0.8660254037844384,-0.5000000000000004,22.87,1.4000000000000021,27.7716,22.92,1.3100000000000023,27.882400000000004,10.74,1.3499999999999996,14.570400000000003,63.135,1.3266666666666609,66.60005,550.11,47.139999999999986,642.7468,7.427267436546771,8.0,8.0,0.0,1.5185546852244134,0.9166666666666666,0.6,0.8126022600192153,0.9999444444444444,121556.77472193105,0.9993333333333333,99.9761111111111,0.06111111111111178,52.5079,13.2638,5300,22.1,34.0,53.0,demo_seed_replace_with_official_aggregation,79.36851878885535,100.0,60.0,91.66666666666667,99.9761111111111,85.5242037983216,29.032258064516128,85.71428571428572,55.55555555555556,60.97560975609756,68.97406116918313,47.03831208907688,5.806451612903226,17.243515292295783,70.0882789942759,Very High,Activate cooling measures and increase outreach to vulnerable groups.,warm nights,2026-08-04T20:45:56.440844+00:00,demo
Lichtenberg,2025-08-05,38.57772919044429,34.24364999341912,39.64227277442452,29.698910249934958,29.698910249934958,40.85600507510165,4.238033421511475,669.0704761904761,1.3033333333333335,23,11,synthetic_demo_forecast,24,True,3,8,217,-0.8660254037844384,-0.5000000000000004,23.21,1.2100000000000009,29.260400000000004,23.35,1.3099999999999987,29.4452,11.12,1.1799999999999997,17.273600000000002,62.86375,1.3191666666666677,66.4736,537.78,52.25999999999999,654.5752,8.0,8.0,8.0,0.0,1.6944931687286284,0.9166666666666666,0.6,0.8136295399747749,1.0,121489.16423071967,0.9993333333333333,99.97999999999999,0.06666666666667043,52.5322,13.5119,5500,18.6,32.0,52.0,demo_seed_replace_with_official_aggregation,80.98738439135715,100.0,60.0,91.66666666666667,99.97999999999999,86.09158453697499,30.64516129032258,59.39849624060152,53.333333333333336,65.85365853658536,58.88947979705362,47.35037149533625,6.129032258064516,14.722369949263404,68.20177370266417,Very High,Activate cooling measures and increase outreach to vulnerable groups.,warm nights,2026-08-04T20:45:56.440844+00:00,demo
Marzahn-Hellersdorf,2025-08-05,37.66587443978026,34.059243901534884,38.62524976316226,29.99443660480631,29.99443660480631,41.136124122720695,4.617858116952378,659.167619047619,0.986904761904762,23,12,synthetic_demo_forecast,24,True,3,8,217,-0.8660254037844384,-0.5000000000000004,23.13,1.3000000000000007,29.3636,23.24,1.389999999999997,29.524800000000003,10.62,1.3099999999999987,16.514000000000003,63.31,1.1412499999999994,66.3952,546.13,52.58000000000004,652.3324,7.541779223495239,7.465617839922621,8.0,0.0,1.450034794995332,1.0,0.6,0.8115034125146211,0.9998888888888889,121467.39926769889,0.9993333333333333,99.97222222222221,0.05555555555556424,52.5223,13.5754,4100,20.2,39.0,45.0,demo_seed_replace_with_official_aggregation,75.9215246654459,100.0,60.0,100.0,99.97222222222221,85.56697807735051,19.35483870967742,71.42857142857143,37.77777777777778,48.78048780487805,53.98877274487031,47.06183794254279,3.870967741935484,13.497193186217578,64.42999887069584,High,Target warnings; review outdoor work and event schedules.,warm nights,2026-08-04T20:45:56.440844+00:00,demo
Pankow,2025-08-05,38.989012495770105,34.600447557546616,39.84754534115505,30.622547908399554,30.622547908399554,40.647830471927044,4.030222005757575,660.1990476190476,0.8480952380952381,24,11,synthetic_demo_forecast,24,True,3,8,217,-0.8660254037844384,-0.5000000000000004,23.02,1.25,26.4356,23.08,1.2999999999999972,26.7812,10.75,1.2699999999999996,13.775200000000002,63.09458333333333,1.1216666666666697,66.75355,536.45,52.14000000000004,648.4684000000001,8.0,8.0,8.0,0.0,1.6008360014015477,0.9166666666666666,0.6,0.8134722721439349,1.0,121490.73021025883,0.9993333333333333,99.97999999999999,0.06666666666667043,52.5929,13.4317,4100,16.0,35.0,48.0,demo_seed_replace_with_official_aggregation,83.27229164316725,100.0,60.0,91.66666666666667,99.97999999999999,86.89130207510853,19.35483870967742,39.84962406015038,44.44444444444444,58.53658536585366,46.12955152107912,47.79021614130969,3.870967741935484,11.53238788026978,63.19357176351495,High,Target warnings; review outdoor work and event schedules.,warm nights,2026-08-04T20:45:56.440844+00:00,demo
Reinickendorf,2025-08-05,38.68177325909946,34.32609126416837,39.592017675243625,29.41926167696355,29.41926167696355,41.02727491637149,4.144817651270475,643.6166666666667,0.9864285714285714,23,11,synthetic_demo_forecast,24,True,3,8,217,-0.8660254037844384,-0.5000000000000004,22.6,1.2699999999999996,27.372000000000003,22.61,1.2699999999999996,27.47200000000001,10.4,1.2599999999999998,14.820000000000007,63.29125,1.2833333333333314,67.18086666666667,542.97,50.90999999999997,647.9484000000001,8.0,8.0,8.0,0.0,1.3334363904692152,0.9166666666666666,0.6,0.8115034125146211,0.9998888888888889,121495.9182530789,0.9993333333333333,99.97222222222221,0.05555555555556424,52.6048,13.2953,3000,22.4,49.0,37.0,demo_seed_replace_with_official_aggregation,81.56540699499699,100.0,60.0,91.66666666666667,99.97222222222221,86.29233689269338,10.483870967741936,87.96992481203007,20.0,24.390243902439025,48.28553090042179,47.46078529098136,2.0967741935483875,12.071382725105448,61.6289422096352,High,Target warnings; review outdoor work and event schedules.,warm nights,2026-08-04T20:45:56.440844+00:00,demo
Spandau,2025-08-05,37.44113651668892,33.77772280414727,38.42281005225951,29.893265298728487,29.893265298728487,42.16951697986355,4.757556108240192,650.8890476190476,2.0240476190476193,22,10,synthetic_demo_forecast,24,True,3,8,217,-0.8660254037844384,-0.5000000000000004,22.76,1.2999999999999972,27.255200000000002,22.79,1.3300000000000018,27.636400000000002,10.6,1.3499999999999996,15.285200000000001,63.337916666666665,1.436249999999994,67.78,537.55,51.68999999999994,649.742,7.617146860862389,7.9279593420314685,8.0,0.0,1.478934809574879,0.8333333333333334,0.6,0.8127593596514279,0.9999444444444444,121516.84143346545,0.9993333333333333,99.9761111111111,0.06111111111111178,52.5389,13.2034,2700,21.0,45.0,39.0,demo_seed_replace_with_official_aggregation,74.67298064827179,100.0,60.0,83.33333333333333,99.9761111111111,82.63076544911735,8.064516129032258,77.44360902255639,24.444444444444443,34.14634146341463,48.06958453043177,45.446920997014544,1.6129032258064517,12.017396132607942,59.077220355428935,High,Target warnings; review outdoor work and event schedules.,warm nights,2026-08-04T20:45:56.440844+00:00,demo
Steglitz-Zehlendorf,2025-08-05,37.54542682835382,33.327774625194785,38.29787464818181,28.58438492411211,28.58438492411211,41.809655868752436,4.443946979795836,665.1614285714286,1.885,21,7,synthetic_demo_forecast,24,True,3,8,217,-0.8660254037844384,-0.5000000000000004,22.62,1.2300000000000004,29.5196,22.59,1.2199999999999989,29.700400000000002,10.18,1.450000000000001,16.485600000000005,63.705000000000005,1.2437500000000057,67.11735,541.55,54.66999999999996,650.4988000000001,8.0,8.0,8.0,0.0,1.5250551735344773,0.5833333333333334,0.6,0.8126022600192153,0.9999444444444444,121492.09265254886,0.9993333333333333,99.9761111111111,0.06111111111111178,52.4295,13.2588,3100,24.0,48.0,36.0,demo_seed_replace_with_official_aggregation,75.25237126863232,100.0,60.0,58.333333333333336,99.9761111111111,79.08355216624354,11.290322580645162,100.0,17.77777777777778,26.829268292682926,52.929539295392956,43.49595369143395,2.2580645161290325,13.232384823848239,58.986403031411214,High,Target warnings; review outdoor work and event schedules.,warm nights,2026-08-04T20:45:56.440844+00:00,demo
Treptow-Köpenick,2025-08-05,38.94522431470745,33.69690081471273,39.82044618829872,29.727877931847914,29.727877931847914,41.532255075101645,4.353847945708436,659.4628571428572,1.4726190476190477,23,8,synthetic_demo_forecast,24,True,3,8,217,-0.8660254037844384,-0.5000000000000004,22.29,1.3000000000000007,25.5676,22.33,1.3299999999999983,25.674000000000003,9.91,1.2400000000000002,13.5076,63.57708333333333,1.42916666666666,66.88658333333333,538.04,48.780000000000086,657.4008000000001,8.0,8.0,8.0,0.0,1.6789379895880225,0.6666666666666666,0.6,0.8134722721439349,1.0,121489.41529583574,0.9993333333333333,99.97999999999999,0.06666666666667043,52.4349,13.5808,1700,21.7,59.0,28.0,demo_seed_replace_with_official_aggregation,83.02902397059695,100.0,60.0,66.66666666666667,99.97999999999999,83.05615838970893,0.0,82.70676691729322,0.0,0.0,33.08270676691729,45.68088711433991,0.0,8.270676691729323,53.95156380606923,High,Target warnings; review outdoor work and event schedules.,warm nights,2026-08-04T20:45:56.440844+00:00,demo
Friedrichshain-Kreuzberg,2025-08-06,34.16638355008446,29.78949724458948,34.768023470157786,24.075530127274977,24.075530127274977,47.03769154855075,4.465991712350806,659.5557142857143,1.418095238095238,13,0,synthetic_demo_forecast,24,True,4,8,218,-0.8660254037844384,-0.5000000000000004,23.85,1.1699999999999982,28.070400000000003,23.94,1.1799999999999997,28.3036,11.35,1.1899999999999995,15.4244,62.49625,1.1541666666666686,66.26733333333333,544.1,54.049999999999955,639.7536,5.947269551921651,6.189323537302647,7.2128172103260475,0.0,1.4407735876870358,0.0,0.8,0.8033869293314481,0.9996666666666667,215481.6983960339,0.9998888888888889,99.97333333333333,0.022222222222223476,52.4996,13.4314,14100,10.7,18.0,73.0,demo_seed_replace_with_official_aggregation,56.479908611580335,73.41391024795433,80.0,0.0,99.97333333333333,62.77472121791293,100.0,0.0,100.0,100.0,60.0,34.526096669852116,20.0,15.0,69.52609666985211,Very High,Activate cooling measures and increase outreach to vulnerable groups.,population exposure,2026-08-04T20:45:56.440844+00:00,demo
Mitte,2025-08-06,33.88911518439849,29.79607453245561,34.48436750548088,24.91313986178001,24.91313986178001,47.490409802519,4.295121432982017,657.2471428571429,1.227142857142857,12,0,synthetic_demo_forecast,24,True,4,8,218,-0.8660254037844384,-0.5000000000000004,23.36,1.3200000000000003,29.20200000000001,23.46,1.3599999999999994,29.34680000000001,11.25,1.2599999999999998,16.2616,62.77333333333333,1.1225000000000023,66.10768333333333,537.68,49.65000000000009,643.0228000000001,5.380144619198097,5.467525008471251,7.314017128735669,0.0,1.6243088216346573,0.0,0.8,0.8010118074370908,0.9995555555555555,215487.34290133032,0.9998888888888889,99.96555555555555,0.033333333333340764,52.52,13.405,9800,15.2,22.0,67.0,demo_seed_replace_with_official_aggregation,54.93952880221384,81.02854419800009,80.0,0.0,99.96555555555555,63.37622782158597,65.3225806451613,33.83458646616541,86.66666666666667,90.2439024390244,66.4281435295556,34.85692530187229,13.06451612903226,16.6070358823889,64.52847731329345,High,Target warnings; review outdoor work and event schedules.,climate anomaly,2026-08-04T20:45:56.440844+00:00,demo
Tempelhof-Schöneberg,2025-08-06,34.23614253461702,29.717852644877805,34.73237027769921,25.029506695744058,25.029506695744058,47.41721535807455,4.603666655250629,648.8204761904761,1.1357142857142857,14,0,synthetic_demo_forecast,24,True,4,8,218,-0.8660254037844384,-0.5000000000000004,23.35,1.3099999999999987,29.068800000000003,23.49,1.3699999999999974,29.3016,11.03,1.4000000000000004,17.6908,63.09458333333333,1.34375,66.0773,544.59,45.049999999999955,668.344,5.605040111407866,5.5349451583375595,6.744669931078634,0.0,1.5605436858228963,0.0,0.8,0.8015484381084378,0.9996111111111111,215412.18386584998,0.9998888888888889,99.96944444444445,0.02777777777778212,52.4406,13.3737,6700,20.3,29.0,58.0,demo_seed_replace_with_official_aggregation,56.86745852565009,82.08642450676416,80.0,0.0,99.96944444444445,64.21046304888105,40.32258064516129,72.18045112781955,66.66666666666667,73.17073170731707,70.49819671129042,35.31575467688458,8.064516129032258,17.624549177822605,61.00481998373944,High,Target warnings; review outdoor work and event schedules.,climate anomaly,2026-08-04T20:45:56.440844+00:00,demo
Neukölln,2025-08-06,33.69228918392619,29.72974631199361,34.2020415294426,25.938364918199575,25.938364918199575,47.82872329458249,4.435456343029551,657.1914285714286,1.5738095238095238,11,0,synthetic_demo_forecast,24,True,4,8,218,-0.8660254037844384,-0.5000000000000004,23.2,1.1799999999999997,29.058000000000014,23.27,1.1799999999999997,28.894400000000008,11.17,1.1899999999999995,16.2056,62.46333333333333,1.1300000000000026,66.12825000000001,545.87,55.24000000000001,652.9196000000001,5.9974170341647834,6.248780503240188,8.0,0.0,1.359255519608298,0.0,0.8,0.8029211553154186,0.9996666666666667,215572.67396506542,0.9999444444444444,99.975,0.027777777777771018,52.4408,13.4445,7200,15.0,24.0,64.0,demo_seed_replace_with_official_aggregation,53.84605102181218,90.3487719836325,80.0,0.0,99.975,64.39343365517914,44.354838709677416,32.330827067669176,80.0,85.36585365853658,62.27379424170182,35.416388510348526,8.870967741935484,15.568448560425455,59.855804812709465,High,Target warnings; review outdoor work and event schedules.,climate anomaly,2026-08-04T20:45:56.440844+00:00,demo
Charlottenburg-Wilmersdorf,2025-08-06,32.91292951860452,29.33798323779755,33.66089057677695,24.867469170165798,24.867469170165798,47.92481456442375,4.537425152746068,656.2414285714285,1.0485714285714285,11,0,synthetic_demo_forecast,24,True,4,8,218,-0.8660254037844384,-0.5000000000000004,22.87,1.4000000000000021,27.7716,22.92,1.3100000000000023,27.882400000000004,10.74,1.3499999999999996,14.570400000000003,63.135,1.3266666666666609,66.60005,550.11,47.139999999999986,642.7468,4.838473684552478,5.530253009607081,7.058405488938753,0.0,1.5185546852244134,0.0,0.8,0.799073106064873,0.9994444444444445,215549.5797167529,0.9999444444444444,99.95944444444444,0.04999999999999449,52.5079,13.2638,5300,22.1,34.0,53.0,demo_seed_replace_with_official_aggregation,49.51627510335845,80.61335609241634,80.0,0.0,99.95944444444444,61.414588588926804,29.032258064516128,85.71428571428572,55.55555555555556,60.97560975609756,68.97406116918313,33.77802372390975,5.806451612903226,17.243515292295783,56.827990629108754,High,Target warnings; review outdoor work and event schedules.,climate anomaly,2026-08-04T20:45:56.440844+00:00,demo
Lichtenberg,2025-08-06,33.57416111151397,29.27680906037629,34.22840896919818,24.75723366390699,24.75723366390699,47.939794723153916,4.268909677281493,669.0704761904761,1.3033333333333335,11,0,synthetic_demo_forecast,24,True,4,8,218,-0.8660254037844384,-0.5000000000000004,23.21,1.2100000000000009,29.260400000000004,23.35,1.3099999999999987,29.4452,11.12,1.1799999999999997,17.273600000000002,62.86375,1.3191666666666677,66.4736,537.78,52.25999999999999,654.5752,5.777298264002353,5.601058265291214,7.795074653498661,0.0,1.6944931687286284,0.0,0.8,0.8056475166925391,0.9997777777777778,215521.53508664374,0.9999444444444444,99.98277777777777,0.01666666666666483,52.5322,13.5119,5500,18.6,32.0,52.0,demo_seed_replace_with_official_aggregation,53.18978395285541,79.61121512642718,80.0,0.0,99.98277777777777,62.554662208019025,30.64516129032258,59.39849624060152,53.333333333333336,65.85365853658536,58.88947979705362,34.405064214410466,6.129032258064516,14.722369949263404,55.25646642173839,High,Target warnings; review outdoor work and event schedules.,climate anomaly,2026-08-04T20:45:56.440844+00:00,demo
Marzahn-Hellersdorf,2025-08-06,33.14284405153351,29.02730225214503,33.75770701894958,23.932640634248692,23.932640634248692,48.21991377077296,4.546651986711233,659.167619047619,0.986904761904762,12,0,synthetic_demo_forecast,24,True,4,8,218,-0.8660254037844384,-0.5000000000000004,23.13,1.3000000000000007,29.3636,23.24,1.389999999999997,29.524800000000003,10.62,1.3099999999999987,16.514000000000003,63.31,1.1412499999999994,66.3952,546.13,52.58000000000004,652.3324,5.195054452953493,5.103666327455853,6.854391673307932,0.0,1.450034794995332,0.0,0.8,0.7959896880252083,0.9991111111111111,215431.64222757157,0.9998888888888889,99.93444444444444,0.07777777777778772,52.5223,13.5754,4100,20.2,39.0,45.0,demo_seed_replace_with_official_aggregation,50.79357806407504,72.1149148568063,80.0,0.0,99.93444444444444,60.58187843983609,19.35483870967742,71.42857142857143,37.77777777777778,48.78048780487805,53.98877274487031,33.32003314190985,3.870967741935484,13.497193186217578,50.68819407006291,High,Target warnings; review outdoor work and event schedules.,climate anomaly,2026-08-04T20:45:56.440844+00:00,demo
Pankow,2025-08-06,33.92087267562452,29.643911010437492,34.56842546413951,25.214574113250574,25.214574113250574,47.73162011997931,4.1961326439042095,660.1990476190476,0.8480952380952381,12,0,synthetic_demo_forecast,24,True,4,8,218,-0.8660254037844384,-0.5000000000000004,23.02,1.25,26.4356,23.08,1.2999999999999972,26.7812,10.75,1.2699999999999996,13.775200000000002,63.09458333333333,1.1216666666666697,66.75355,536.45,52.14000000000004,648.4684000000001,5.882030311951719,5.960643704998255,7.682064235552663,0.0,1.6008360014015477,0.0,0.8,0.8058032717707521,0.9997777777777778,215519.2151585668,0.9999444444444444,99.98277777777777,0.01666666666666483,52.5929,13.4317,4100,16.0,35.0,48.0,demo_seed_replace_with_official_aggregation,55.11595930902513,83.76885557500522,80.0,0.0,99.98277777777777,63.85246964996513,19.35483870967742,39.84962406015038,44.44444444444444,58.53658536585366,46.12955152107912,35.11885830748082,3.870967741935484,11.53238788026978,50.52221392968609,High,Target warnings; review outdoor work and event schedules.,climate anomaly,2026-08-04T20:45:56.440844+00:00,demo
Reinickendorf,2025-08-06,34.17589825540264,29.42519870190586,34.78457165917902,24.627425991498416,24.627425991498416,48.11106456442375,4.399719344470459,643.6166666666667,0.9864285714285714,11,0,synthetic_demo_forecast,24,True,4,8,218,-0.8660254037844384,-0.5000000000000004,22.6,1.2699999999999996,27.372000000000003,22.61,1.2699999999999996,27.47200000000001,10.4,1.2599999999999998,14.820000000000007,63.29125,1.2833333333333314,67.18086666666667,542.97,50.90999999999997,647.9484000000001,6.147902681819153,6.465855184804641,7.616085208256205,0.0,1.3334363904692152,0.0,0.8,0.8029211553154186,0.9996666666666667,215535.16434095465,0.9999444444444444,99.975,0.027777777777771018,52.6048,13.2953,3000,22.4,49.0,37.0,demo_seed_replace_with_official_aggregation,56.53276808557024,78.43114537725833,80.0,0.0,99.975,63.54614063653834,10.483870967741936,87.96992481203007,20.0,24.390243902439025,48.28553090042179,34.95037735009609,2.0967741935483875,12.071382725105448,49.118534268749926,High,Target warnings; review outdoor work and event schedules.,climate anomaly,2026-08-04T20:45:56.440844+00:00,demo
Steglitz-Zehlendorf,2025-08-06,32.4414902789613,28.428894338008416,32.96161093082132,23.52874717679432,23.52874717679432,48.89344551680471,4.3910607863726385,665.1614285714286,1.885,11,0,synthetic_demo_forecast,24,True,4,8,218,-0.8660254037844384,-0.5000000000000004,22.62,1.2300000000000004,29.5196,22.59,1.2199999999999989,29.700400000000002,10.18,1.450000000000001,16.485600000000005,63.705000000000005,1.2437500000000057,67.11735,541.55,54.66999999999996,650.4988000000001,5.385775965405365,5.734062076824128,6.209383876784172,0.0,1.5250551735344773,0.0,0.8,0.8003098150721113,0.9995,215399.06588764026,0.9998888888888889,99.96166666666666,0.03888888888888831,52.4295,13.2588,3100,24.0,48.0,36.0,demo_seed_replace_with_official_aggregation,46.89716821645165,68.44315615267563,80.0,0.0,99.96166666666666,58.672815631992755,11.290322580645162,100.0,17.77777777777778,26.829268292682926,52.929539295392956,32.270048597596016,2.2580645161290325,13.232384823848239,47.76049793757329,High,Target warnings; review outdoor work and event schedules.,climate anomaly,2026-08-04T20:45:56.440844+00:00,demo
Spandau,2025-08-06,33.56581532798607,28.82437124824793,34.06523273059665,23.777664037425286,23.777664037425286,49.25330662791581,4.410255304156705,650.8890476190476,2.0240476190476193,10,0,synthetic_demo_forecast,24,True,4,8,218,-0.8660254037844384,-0.5000000000000004,22.76,1.2999999999999972,27.255200000000002,22.79,1.3300000000000018,27.636400000000002,10.6,1.3499999999999996,15.285200000000001,63.337916666666665,1.436249999999994,67.78,537.55,51.68999999999994,649.742,5.6064789133362884,5.718075404312397,6.583861203504,0.0,1.478934809574879,0.0,0.8,0.8001551218334412,0.9995,215407.00399315977,0.9998888888888889,99.96166666666666,0.03888888888888831,52.5389,13.2034,2700,21.0,45.0,39.0,demo_seed_replace_with_official_aggregation,53.14341848881151,70.70603670386623,80.0,0.0,99.96166666666666,61.1984353099973,8.064516129032258,77.44360902255639,24.444444444444443,34.14634146341463,48.06958453043177,33.65913942049852,1.6129032258064517,12.017396132607942,47.28943877891291,High,Target warnings; review outdoor work and event schedules.,climate anomaly,2026-08-04T20:45:56.440844+00:00,demo
Treptow-Köpenick,2025-08-06,33.61592975229395,28.78208331155363,34.21231744867205,24.608559632523644,24.608559632523644,48.61604472315391,4.234702877474416,659.4628571428572,1.4726190476190477,9,0,synthetic_demo_forecast,24,True,4,8,218,-0.8660254037844384,-0.5000000000000004,22.29,1.3000000000000007,25.5676,22.33,1.3299999999999983,25.674000000000003,9.91,1.2400000000000002,13.5076,63.57708333333333,1.42916666666666,66.88658333333333,538.04,48.780000000000086,657.4008000000001,5.8763345849256226,6.025949864884829,7.9951956852845925,0.0,1.6789379895880225,0.0,0.8,0.8058032717707521,0.9997777777777778,215562.2333393722,0.9999444444444444,99.98277777777777,0.01666666666666483,52.4349,13.5808,1700,21.7,59.0,28.0,demo_seed_replace_with_official_aggregation,53.421831957188616,78.25963302294223,80.0,0.0,99.98277777777777,62.4331416940129,0.0,82.70676691729322,0.0,0.0,33.08270676691729,34.3382279317071,0.0,8.270676691729323,42.60890462343642,Moderate,Publish heat-safety guidance and verify cooling resources.,climate anomaly,2026-08-04T20:45:56.440844+00:00,demo
Friedrichshain-Kreuzberg,2025-08-07,27.0935815721603,22.29747630329526,27.271626158362736,16.987052390107138,16.987052390107138,58.49950396825397,4.562483778412207,659.5557142857143,1.418095238095238,0,0,synthetic_demo_forecast,24,False,0,8,219,-0.8660254037844384,-0.5000000000000004,23.85,1.1699999999999982,28.070400000000003,23.94,1.1799999999999997,28.3036,11.35,1.1899999999999995,15.4244,62.49625,1.1541666666666686,66.26733333333333,544.1,54.049999999999955,639.7536,1.8698852974621298,1.904365303259468,3.1950754183300183,0.0,1.4407735876870358,0.0,0.0,0.6085012683789326,0.9796111111111111,60.874444131278636,0.9701111111111111,97.6761111111111,0.9499999999999953,52.4996,13.4314,14100,10.7,18.0,73.0,demo_seed_replace_with_official_aggregation,17.186564289779444,8.973203546428527,0.0,0.0,97.6761111111111,26.896500255609304,100.0,0.0,100.0,100.0,60.0,14.793075140585119,20.0,15.0,49.79307514058512,High,Target warnings; review outdoor work and event schedules.,population exposure,2026-08-04T20:45:56.440844+00:00,demo
Mitte,2025-08-07,26.074775496430668,22.228582745495075,26.329871469977807,17.329649140312036,17.329649140312036,58.952222222222225,4.230622218107613,657.2471428571429,1.227142857142857,0,0,synthetic_demo_forecast,24,False,0,8,219,-0.8660254037844384,-0.5000000000000004,23.36,1.3200000000000003,29.20200000000001,23.46,1.3599999999999994,29.34680000000001,11.25,1.2599999999999998,16.2616,62.77333333333333,1.1225000000000023,66.10768333333333,537.68,49.65000000000009,643.0228000000001,1.3871901412090697,1.423310137783488,3.2544977507938846,0.0,1.6243088216346573,0.0,0.0,0.5944540377256692,0.9750555555555556,57.26319079326489,0.9664444444444444,97.24722222222222,0.8611111111111125,52.52,13.405,9800,15.2,22.0,67.0,demo_seed_replace_with_official_aggregation,11.526530535725932,12.087719457382143,0.0,0.0,97.24722222222222,25.296888050555843,65.3225806451613,33.83458646616541,86.66666666666667,90.2439024390244,66.4281435295556,13.913288427805714,13.06451612903226,16.6070358823889,43.58484043922687,Moderate,Publish heat-safety guidance and verify cooling resources.,climate anomaly,2026-08-04T20:45:56.440844+00:00,demo
Tempelhof-Schöneberg,2025-08-07,26.56734277837802,21.950130857705243,26.928708097680477,16.554002563054862,16.554002563054862,58.87902777777777,4.474893483536765,648.8204761904761,1.1357142857142857,0,0,synthetic_demo_forecast,24,False,0,8,219,-0.8660254037844384,-0.5000000000000004,23.35,1.3099999999999987,29.068800000000003,23.49,1.3699999999999974,29.3016,11.03,1.4000000000000004,17.6908,63.09458333333333,1.34375,66.0773,544.59,45.049999999999955,668.344,1.6565404382326188,1.6929757930093638,2.6613490600753797,0.0,1.5605436858228963,0.0,0.0,0.5758938917083706,0.9659444444444445,42.1339796722088,0.9451111111111111,95.96944444444443,2.083333333333337,52.4406,13.3737,6700,20.3,29.0,58.0,demo_seed_replace_with_official_aggregation,14.263015435433443,5.036386936862382,0.0,0.0,95.96944444444443,24.94140233181995,40.32258064516129,72.18045112781955,66.66666666666667,73.17073170731707,70.49819671129042,13.717771282500975,8.064516129032258,17.624549177822605,39.406836589355834,Moderate,Publish heat-safety guidance and verify cooling resources.,climate anomaly,2026-08-04T20:45:56.440844+00:00,demo
Neukölln,2025-08-07,26.16118268970162,21.731888826319388,26.61781935385757,17.529690097503906,17.529690097503906,59.29053571428572,4.659098349236809,657.1914285714286,1.5738095238095238,0,0,synthetic_demo_forecast,24,False,0,8,219,-0.8660254037844384,-0.5000000000000004,23.2,1.1799999999999997,29.058000000000014,23.27,1.1799999999999997,28.894400000000008,11.17,1.1899999999999995,16.2056,62.46333333333333,1.1300000000000026,66.12825000000001,545.87,55.24000000000001,652.9196000000001,1.6926189502760953,1.9136213716727435,3.604665717564028,0.0,1.359255519608298,0.0,0.0,0.6082516380608793,0.9792777777777778,81.57414912687997,0.9802777777777778,97.95777777777776,0.10000000000000009,52.4408,13.4445,7200,15.0,24.0,64.0,demo_seed_replace_with_official_aggregation,12.006570498342326,13.90627361367187,0.0,0.0,97.95777777777776,25.879796272026148,44.354838709677416,32.330827067669176,80.0,85.36585365853658,62.27379424170182,14.233887949614383,8.870967741935484,15.568448560425455,38.673304251975324,Moderate,Publish heat-safety guidance and verify cooling resources.,climate anomaly,2026-08-04T20:45:56.440844+00:00,demo
Charlottenburg-Wilmersdorf,2025-08-07,25.973877033029073,21.625401434006246,26.35666616542411,15.625844268693635,15.625844268693635,59.386626984126984,4.425939560675965,656.2414285714285,1.0485714285714285,0,0,synthetic_demo_forecast,24,False,0,8,219,-0.8660254037844384,-0.5000000000000004,22.87,1.4000000000000021,27.7716,22.92,1.3100000000000023,27.882400000000004,10.74,1.3499999999999996,14.570400000000003,63.135,1.3266666666666609,66.60005,550.11,47.139999999999986,642.7468,1.4953831266640973,1.7694653221255117,2.4410791196115116,0.0,1.5185546852244134,0.0,0.0,0.5624172792883186,0.9572222222222222,46.08510137698961,0.9531111111111111,95.59888888888888,0.41111111111110654,52.5079,13.2638,5300,22.1,34.0,53.0,demo_seed_replace_with_official_aggregation,10.965983516828182,0.0,0.0,0.0,95.59888888888888,22.95787200866764,29.032258064516128,85.71428571428572,55.55555555555556,60.97560975609756,68.97406116918313,12.626829604767202,5.806451612903226,17.243515292295783,35.67679650996621,Moderate,Publish heat-safety guidance and verify cooling resources.,climate anomaly,2026-08-04T20:45:56.440844+00:00,demo
Lichtenberg,2025-08-07,25.417335201926978,21.677480679644976,25.772623988575283,15.928201114282933,15.928201114282933,59.40160714285714,4.3298847767538975,669.0704761904761,1.3033333333333335,0,0,synthetic_demo_forecast,24,False,0,8,219,-0.8660254037844384,-0.5000000000000004,23.21,1.2100000000000009,29.260400000000004,23.35,1.3099999999999987,29.4452,11.12,1.1799999999999997,17.273600000000002,62.86375,1.3191666666666677,66.4736,537.78,52.25999999999999,654.5752,1.2304356998075614,1.2473568656338638,2.748379001092295,0.0,1.6944931687286284,0.0,0.0,0.5665233060991497,0.9605,40.62943912084061,0.941,95.465,1.9500000000000073,52.5322,13.5119,5500,18.6,32.0,52.0,demo_seed_replace_with_official_aggregation,7.874084455149876,0.0,0.0,0.0,95.465,21.848929559302455,30.64516129032258,59.39849624060152,53.333333333333336,65.85365853658536,58.88947979705362,12.016911257616352,6.129032258064516,14.722369949263404,32.86831346494427,Moderate,Publish heat-safety guidance and verify cooling resources.,climate anomaly,2026-08-04T20:45:56.440844+00:00,demo
Marzahn-Hellersdorf,2025-08-07,25.13300217130496,21.120115822715906,25.432051548690424,15.327322197722768,15.327322197722768,59.68172619047619,4.738189659728807,659.167619047619,0.986904761904762,0,0,synthetic_demo_forecast,24,False,0,8,219,-0.8660254037844384,-0.5000000000000004,23.13,1.3000000000000007,29.3636,23.24,1.389999999999997,29.524800000000003,10.62,1.3099999999999987,16.514000000000003,63.31,1.1412499999999994,66.3952,546.13,52.58000000000004,652.3324,1.0392357351975008,1.0636823840921261,2.423698720796236,0.0,1.450034794995332,0.0,0.0,0.5338935199677917,0.9289444444444445,30.048783527513603,0.9039444444444444,92.14444444444445,2.500000000000002,52.5223,13.5754,4100,20.2,39.0,45.0,demo_seed_replace_with_official_aggregation,6.294456507249772,0.0,0.0,0.0,92.14444444444445,20.631948666426307,19.35483870967742,71.42857142857143,37.77777777777778,48.78048780487805,53.98877274487031,11.34757176653447,3.870967741935484,13.497193186217578,28.71573269468753,Moderate,Publish heat-safety guidance and verify cooling resources.,climate anomaly,2026-08-04T20:45:56.440844+00:00,demo
Pankow,2025-08-07,26.293857525889994,21.864100094274992,26.538262760742573,16.19436998013654,16.19436998013654,59.19343253968254,4.312258328681511,660.1990476190476,0.8480952380952381,0,0,synthetic_demo_forecast,24,False,0,8,219,-0.8660254037844384,-0.5000000000000004,23.02,1.25,26.4356,23.08,1.2999999999999972,26.7812,10.75,1.2699999999999996,13.775200000000002,63.09458333333333,1.1216666666666697,66.75355,536.45,52.14000000000004,648.4684000000001,1.7665493192445674,1.7942817507406852,2.891478143916434,0.0,1.6008360014015477,0.0,0.0,0.5966987944816118,0.9759444444444444,49.820936920595244,0.9582222222222222,97.06277777777777,1.7722222222222195,52.5929,13.4317,4100,16.0,35.0,48.0,demo_seed_replace_with_official_aggregation,12.743652921611076,1.7669998194230823,0.0,0.0,97.06277777777777,24.137884051032895,19.35483870967742,39.84962406015038,44.44444444444444,58.53658536585366,46.12955152107912,13.275836228068094,3.870967741935484,11.53238788026978,28.67919185027336,Moderate,Publish heat-safety guidance and verify cooling resources.,climate anomaly,2026-08-04T20:45:56.440844+00:00,demo
Steglitz-Zehlendorf,2025-08-07,25.490876922162602,20.521057322935594,25.570010711529175,15.180662322370337,15.180662322370337,60.35525793650794,4.463794793247256,665.1614285714286,1.885,0,0,synthetic_demo_forecast,24,False,0,8,219,-0.8660254037844384,-0.5000000000000004,22.62,1.2300000000000004,29.5196,22.59,1.2199999999999989,29.700400000000002,10.18,1.450000000000001,16.485600000000005,63.705000000000005,1.2437500000000057,67.11735,541.55,54.66999999999996,650.4988000000001,1.574292646823807,1.6475325312030362,2.326138294966593,0.0,1.5250551735344773,0.0,0.0,0.5582304685248621,0.9541111111111111,34.18283377924592,0.9215,94.43277777777777,3.2611111111111146,52.4295,13.2588,3100,24.0,48.0,36.0,demo_seed_replace_with_official_aggregation,8.282649567570012,0.0,0.0,0.0,94.43277777777777,21.78548290420506,11.290322580645162,100.0,17.77777777777778,26.829268292682926,52.929539295392956,11.982015597312785,2.2580645161290325,13.232384823848239,27.472464937290056,Moderate,Publish heat-safety guidance and verify cooling resources.,climate anomaly,2026-08-04T20:45:56.440844+00:00,demo
Reinickendorf,2025-08-07,25.738087932711117,21.57765576645977,25.799463476387842,16.277819982608392,16.277819982608392,59.572876984126985,4.309992872960763,643.6166666666667,0.9864285714285714,0,0,synthetic_demo_forecast,24,False,0,8,219,-0.8660254037844384,-0.5000000000000004,22.6,1.2699999999999996,27.372000000000003,22.61,1.2699999999999996,27.47200000000001,10.4,1.2599999999999998,14.820000000000007,63.29125,1.2833333333333314,67.18086666666667,542.97,50.90999999999997,647.9484000000001,1.666623081132803,1.6939083799304713,3.1464565588382873,0.0,1.3334363904692152,0.0,0.0,0.5883741075500131,0.9724444444444444,56.122324416242755,0.9651111111111111,97.02444444444444,0.7333333333333303,52.6048,13.2953,3000,22.4,49.0,37.0,demo_seed_replace_with_official_aggregation,9.65604407061732,2.525636205530837,0.0,0.0,97.02444444444444,23.163349744434576,10.483870967741936,87.96992481203007,20.0,24.390243902439025,48.28553090042179,12.739842359439018,2.0967741935483875,12.071382725105448,26.907999278092852,Moderate,Publish heat-safety guidance and verify cooling resources.,climate anomaly,2026-08-04T20:45:56.440844+00:00,demo
Spandau,2025-08-07,25.226989564179615,21.153452949995543,25.432147674606078,16.35358805759753,16.35358805759753,60.71511904761905,4.5235786497222605,650.8890476190476,2.0240476190476193,0,0,synthetic_demo_forecast,24,False,0,8,219,-0.8660254037844384,-0.5000000000000004,22.76,1.2999999999999972,27.255200000000002,22.79,1.3300000000000018,27.636400000000002,10.6,1.3499999999999996,15.285200000000001,63.337916666666665,1.436249999999994,67.78,537.55,51.68999999999994,649.742,1.2799705113571889,1.3399279636799788,2.8746236879143914,0.0,1.478934809574879,0.0,0.0,0.5656417638327974,0.96,44.309626684594484,0.9495555555555556,95.68666666666665,1.0444444444444367,52.5389,13.2034,2700,21.0,45.0,39.0,demo_seed_replace_with_official_aggregation,6.816608689886748,3.2144368872502778,0.0,0.0,95.68666666666665,22.005311907881236,8.064516129032258,77.44360902255639,24.444444444444443,34.14634146341463,48.06958453043177,12.102921549334681,1.6129032258064517,12.017396132607942,25.733220907749075,Moderate,Publish heat-safety guidance and verify cooling resources.,climate anomaly,2026-08-04T20:45:56.440844+00:00,demo
Treptow-Köpenick,2025-08-07,25.345760976540515,20.894497846949292,25.63478898717102,15.734289986398615,15.734289986398615,60.07785714285714,4.418150117756699,659.4628571428572,1.4726190476190477,0,0,synthetic_demo_forecast,24,False,0,8,219,-0.8660254037844384,-0.5000000000000004,22.29,1.3000000000000007,25.5676,22.33,1.3299999999999983,25.674000000000003,9.91,1.2400000000000002,13.5076,63.57708333333333,1.42916666666666,66.88658333333333,538.04,48.780000000000086,657.4008000000001,1.585448109112118,1.6759771683209577,3.1680885293047814,0.0,1.6789379895880225,0.0,0.0,0.597003672972948,0.9760555555555556,57.89194251469956,0.967,97.33388888888888,0.9055555555555594,52.4349,13.5808,1700,21.7,59.0,28.0,demo_seed_replace_with_official_aggregation,7.476449869669526,0.0,0.0,0.0,97.33388888888888,22.083535232162113,0.0,82.70676691729322,0.0,0.0,33.08270676691729,12.145944377689164,0.0,8.270676691729323,20.416621069418486,Low,Routine monitoring.,climate anomaly,2026-08-04T20:45:56.440844+00:00,demo
